INCHI,SMILES,IC50,pIC50
DFNFUUKHJCBGNQ-UHFFFAOYSA-N,O=C1CSC(N2N=C(c3ccc(F)cc3)CC2c2ccc(Cl)cc2)=N1,13160,4.880744111
IZRQFKYNXNFFQT-DHZHZOJOSA-N,CCOc1cc2ncnc(Nc3ccc4c(ccn4S(=O)(=O)c4ccccc4)c3)c2cc1NC(=O)/C=C/CN1CCCC1,30,7.522878745
LVNYQEFSHJDOCT-UHFFFAOYSA-N,FC(F)(F)c1ccccc1Oc1ccc(Nc2ncnc3cc[nH]c23)cc1Cl,120,6.920818754
LGGXKYNJQDCCPN-UHFFFAOYSA-N,Clc1ccc(C2=NN(c3ccccc3)C(c3cccc4ccccc34)C2)cc1Cl,1980,5.70333481
RCXKACUHTAVIBD-ZQAUEJBPSA-N,CCOc1cc2ncnc(Nc3ccc(Oc4cc5nncn5cn4)c(C)c3)c2cc1NC(=O)/C=C/[C@H]1CCCN1C,1.67,8.777283529
LDTIBFBFKXJPSC-UHFFFAOYSA-N,COCC(=O)NCC#Cc1ccc2ncnc(Nc3ccc(Oc4cccc(C(=O)NC(C)(C)C)c4)c(C)c3)c2c1,18,7.744727495
IKXDZCIRCQRTQF-UHFFFAOYSA-N,O=C1Cc2ccc(Oc3ccc(Nc4ncnc5ccn(CCO)c45)cc3Cl)cc2N1,130,6.886056648
WRQKYTMPGPMLPI-UHFFFAOYSA-N,Brc1ccc(C2=NN(c3ccccc3)C(c3cccc4ccccc34)C2)cc1,2320,5.634512015
RGKMUWLBUIKZDZ-UHFFFAOYSA-N,C=CC(=O)Nc1cccc(-c2c(-c3ccc(N4CCN(C)CC4)cc3)[nH]c3ncnc(OCC)c23)c1,14,7.853871964
LOWIJALPIWAMBK-UHFFFAOYSA-N,CCCN(CCS(C)(=O)=O)Cc1ccc(-c2ccc3ncnc(Nc4ccc(OCc5cccc(F)c5)c(Cl)c4)c3c2)o1,20,7.698970004
JGUKCUUOQNQOBB-UHFFFAOYSA-N,CS(=O)(=O)CCN(CC#N)Cc1ccc(-c2ccc3ncnc(Nc4ccc(OCc5cccc(F)c5)c(Cl)c4)c3c2)o1,22,7.657577319
CDHCIFPMFKCLCH-UHFFFAOYSA-N,C=CC(=O)Nc1cccc(-c2c(-c3ccc(N4CCN(C)CC4)cc3)[nH]c3ncn(C(C)C)c(=O)c23)c1,592,6.227678293
OCSMJDYMUQMQHV-KGVSQERTSA-N,Fc1ccc(-c2ccc3c(ccn3Cc3coc(/C=C/c4ccc(C(F)(F)F)cc4)n3)c2)cc1,5260,5.279014256
DOFNHGGYAVHZBW-UHFFFAOYSA-N,O=C(Nc1ccccc1)N(Cc1ccc(F)cc1)Cc1cccc(Br)c1O,5170,5.286509457
SCPDXSGJBNCTBA-UHFFFAOYSA-N,Cc1cc(Nc2ncnc3cnc(N4CCCC4)cc23)ccc1Oc1ccc(C(=O)NCC(C)(C)C)cc1,36,7.443697499
JEXCBQDTESMXHL-RMKNXTFCSA-N,CCOc1cc2ncnc(Nc3ccc(NS(=O)(=O)c4ccccc4)cc3)c2cc1NC(=O)/C=C/CN1CCOCC1,174,6.759450752
BQKAPRHCWWQTIM-PHZXFRFISA-N,CCOc1cc2ncnc(Nc3ccc(Oc4cc5nncn5cn4)c(C)c3)c2cc1NC(=O)/C(F)=C/[C@@H]1CCCN1C,3.38,8.4710833
GFRRUJXUMZJUGB-DHZHZOJOSA-N,CCOc1cc2ncc(C#N)c(Nc3ccc(OCc4ccccc4)c(C#N)c3)c2cc1NC(=O)/C=C/CN(C)C,1134,5.945386945
BXWNXYKEYCNVLR-UHFFFAOYSA-N,CCC(=O)Nc1cc2c(Nc3ccc4c(c3)CCN4Cc3ccccc3)ncnc2cc1OC,556,6.254925208
QATSQOZRVCGSQI-UHFFFAOYSA-N,COc1ccc(C2=NN(C3=NC(=O)CS3)C(c3ccc(OC)cc3)C2)cc1,10480,4.979638717
YKQCCMOWWKAYOX-UHFFFAOYSA-N,OCc1nc(C#Cc2cncnc2Nc2ccc(OCc3cccc(F)c3)c(Cl)c2)cs1,160,6.795880017
DUYJMQONPNNFPI-UHFFFAOYSA-N,C=CC(=O)Nc1cc(Nc2nccc(-c3cn(C)c4ccccc34)n2)c(OC)cc1N(C)CCN(C)C,4.8,8.318758763
YLFINAUVWATNCS-UHFFFAOYSA-N,CCC(=O)Nc1cc2c(Nc3ccc4c(ccn4Cc4ccccn4)c3)ncnc2cc1OC,642,6.192464972
MTTICWAYROVIKZ-UHFFFAOYSA-N,C=CC(=O)Nc1cccc(-c2c(-c3ccc(N4CCN(C)CC4)cc3)[nH]c3ncnc(Nc4ccc(OCc5ccccn5)c(Cl)c4)c23)c1,14,7.853871964
YIDKQMAIVFRLMJ-UHFFFAOYSA-N,Cc1ccc(C2CC(c3ccc(F)cc3)=NN2C2=NC(=O)CS2)cc1,10260,4.988852639
ISJKKYVTSUZZMA-UHFFFAOYSA-N,COCCOc1ccc2ncnc(Nc3ccc(OC4CCN(C(=O)CC(C)(C)C)CC4)c(C)c3)c2c1,120,6.920818754
FRHVWTKQTWRREX-RMKNXTFCSA-N,CCOc1cc2ncc(C#N)c(Nc3ccc(OCc4ccccc4)c(Cl)c3)c2cc1NC(=O)/C=C/CN1CCC(O)CC1,169,6.772113295
YBXSDKSXXVAXIS-DHZHZOJOSA-N,CCOc1cc2ncc(C#N)c(Nc3ccc(OCc4ccccc4OC)c(Cl)c3)c2cc1NC(=O)/C=C/CN(C)C,44,7.356547324
JFBQFAKGLQJGIL-OWOJBTEDSA-N,O=C(/C=C/CN1CCOCC1)Nc1cc2c(Nc3ccc(F)c(Cl)c3)ncnc2cn1,35,7.455931956
RACDIYVVIGQFAY-UHFFFAOYSA-N,CC(=O)N1N=C(c2ccc(Br)cc2)CC1c1ccc(C(=O)OCCn2c([N+](=O)[O-])cnc2C)cc1,3450,5.462180905
HPHUGTTXFHEACH-UHFFFAOYSA-N,Fc1cccc(COc2ccc(Nc3ncncc3C#Cc3ncccn3)cc2Cl)c1,60,7.22184875
VSNMAFGMOIYXIQ-JXMROGBWSA-N,Fc1ccccc1NCc1coc(/C=C/c2ccc(C(F)(F)F)cc2)n1,5790,5.237321436
TZPIFYXBGQBABB-AATRIKPKSA-N,CCOc1cc2ncc(C#N)c(Nc3ccc(OCc4ccc(Cl)cc4)c(Cl)c3)c2cc1NC(=O)/C=C/CN(C)C,24,7.619788758
ADKLWTJYNHIZGI-UHFFFAOYSA-N,O=C1NCc2cccc(Oc3ccc(Nc4ncnc5ccn(CCO)c45)cc3Cl)c21,2.5,8.602059991
DIOFAGBPNISMJA-UHFFFAOYSA-N,Cc1cc(Nc2ncnc3cnc(N(C)C)cc23)ccc1OC1CCN(C(=O)Nc2c(F)cccc2F)CC1,21,7.677780705
DSOCMEHEONDHCK-WUXMJOGZSA-N,Cc1ccc(/C=N/NC2=NC(=O)CS2)cc1,5830,5.234331445
UERCBPIXITWGQE-UHFFFAOYSA-N,Oc1c(Cl)cccc1CN(Cc1ccc(F)cc1)C(=S)Nc1ccccc1,1410,5.850780887
UYWHKGJSHFOELO-CPSHHHPTSA-N,Cc1cc(Nc2ncnc3cc(O)c(NC(=O)/C=C/[C@H]4CCCN4C)cc23)ccc1Oc1ccn2cnnc2c1,6.31,8.199970641
UWNCZMKPXVIIEH-UHFFFAOYSA-N,Oc1ccc(CN(Cc2cccc(Cl)c2O)C(=S)Nc2ccccc2)cc1,350,6.455931956
XWOBYUGXRJUXJF-UHFFFAOYSA-N,Cc1ccn2ncnc(Nc3ccc4c(cnn4Cc4ccccn4)c3)c12,310,6.508638306
RKUXMYUMMSWVGH-CPSHHHPTSA-N,Cc1cc(Nc2ncnc3cc(O)c(NC(=O)/C=C/[C@H]4CCCN4C)cc23)ccc1Oc1cc2nccn2cn1,1.06,8.974694135
MHPKGGGCCZJCKM-UHFFFAOYSA-N,COc1ccc(C2=NN(C3=NC(=O)CS3)C(c3ccccc3)C2)cc1,4120,5.385102784
RCOWTORYMLCNEG-UHFFFAOYSA-N,C=CC(=O)Nc1cc(-c2c[nH]c3ncnc(Nc4ccc(OCc5ccccn5)c(Cl)c4)c23)ccc1OCCO,1.9,8.721246399
QRJKAQZHNICDSB-UHFFFAOYSA-N,C=CC(=O)Nc1cccc(-c2c(-c3ccc(N4CCN(C)CC4)cc3)[nH]c3ncnc(OCC(C)C)c23)c1,26,7.585026652
LUMQTYWCMGSOLK-YIXHJXPBSA-N,COc1ccc(-c2ccc3c(ccn3Cc3coc(/C=C/c4ccc(C(F)(F)F)cc4)n3)c2)cc1,1110,5.954677021
XNTPRKQKIQHNAU-LFYBBSHMSA-N,O=C1CSC(N/N=C/c2cccc(F)c2)=N1,21750,4.662540739
HHAIRBJJFBLIDZ-UHFFFAOYSA-N,O=C(Nc1ccccc1)N(Cc1ccc(F)cc1)Cc1cc(Cl)cc(Cl)c1O,9640,5.015922966
UCBARNSJTRWXQT-RMKNXTFCSA-N,COCCOc1cc2ncnc(Nc3ccc4c(cnn4Cc4ccccc4)c3)c2cc1NC(=O)/C=C/CN1CCN(C)CC1,19,7.721246399
BCVLPPYKGAHAMX-DHZHZOJOSA-N,CCOc1cc2ncc(C#N)c(Nc3ccc(OCc4ccccc4)c(Cl)c3)c2cc1NC(=O)/C=C/CN(CC(C)O)CC(C)O,104,6.982966661
BYFAOQDSQYRKMW-UHFFFAOYSA-N,O=C(Cc1ccc(Br)cc1)NS(=O)(=O)c1ccc(Cl)cc1,18940,4.722620025
WXFJAWWXWDNJPZ-UHFFFAOYSA-N,CC(=O)N1N=C(c2ccc(C)cc2)CC1c1ccc(C(=O)OC(C)Cn2c([N+](=O)[O-])cnc2C)cc1,18890,4.723768042
BUPWPQSTALKSKT-UUILKARUSA-N,O=C1CSC(N/N=C/c2cc(Br)ccc2O)=N1,420,6.37675071
AHONPWLSTJWLMC-UHFFFAOYSA-N,CCC(=O)Nc1cc2c(Nc3ccc(OCc4ccccn4)cc3)ncnc2cc1OC,815,6.088842391
NWZQTNDYDHXMOE-DHZHZOJOSA-N,CCOc1cc2ncnc(Nc3ccc4c(cnn4Cc4ccccc4)c3)c2cc1NC(=O)/C=C/CN(C)C,12,7.920818754
JXCTYPYGAYAMDH-IZZDOVSWSA-N,FC(F)(F)c1ccc(/C=C/c2nc(Cn3ccc4cc(-c5cccc(Cl)c5)ccc43)co2)cc1,2250,5.647817482
XFZZOYBVFSUOKN-UHFFFAOYSA-N,Cc1cc(Nc2ncnc3cnc(N(C)C)cc23)ccc1OC1CCN(C(=O)CC(C)(C)C)CC1,51,7.292429824
IGJWJUSLCTWOTR-UHFFFAOYSA-N,CC(=O)N1N=C(c2ccc(C(F)(F)F)cc2)CC1c1ccc(C(=O)OCCn2c([N+](=O)[O-])cnc2C)cc1,510,6.292429824
CJGPKVRBUPRPTR-UHFFFAOYSA-N,COc1cc(Nc2ncnc3ccc(-c4ccc(CNCCS(C)(=O)=O)o4)cc23)ccc1OCc1cccc(F)c1,90,7.045757491
SCPXIXAJVMGIOW-UHFFFAOYSA-N,C=CC(=O)Nc1cccc(-c2c(-c3ccc(N4CCN(C)CC4)cc3)[nH]c3ncn(C)c(=O)c23)c1,146,6.835647144
PDHPVHXAEDIWBQ-UHFFFAOYSA-N,O=C1NCc2cc(Oc3ccc(Nc4ncnc5ccn(CCO)c45)cc3Cl)ccc21,18,7.744727495
CBNJCHVHBCJGBE-RMKNXTFCSA-N,CCOc1cc2ncc(C#N)c(Nc3ccc(OCc4ccccc4)c(Cl)c3)c2cc1NC(=O)/C=C/CN1CCC(O)(O)CC1,58,7.236572006
AQOVRLPHUSWQJQ-UHFFFAOYSA-N,Cc1cccc(CN(Cc2ccc(F)cc2)C(=S)Nc2ccccc2)c1O,15660,4.805208242
QIHBCJUYVFGGLJ-UXBLZVDNSA-N,CCOc1cc2ncc(C#N)c(Nc3ccc(OCc4ccccc4)c(Cl)c3)c2cc1NC(=O)/C=C/Cc1c[nH]cn1,69,7.161150909
MJWAOOZOZOALNY-UHFFFAOYSA-N,C=CC(=O)Nc1cccc(-c2c[nH]c3ncnc(Nc4ccc(OC(c5ccccc5)c5ccccc5)cc4)c23)c1,26,7.585026652
GVYWQBRKNKWGFU-KPKJPENVSA-N,COc1cccc(-c2ccc3c(ccn3Cc3coc(/C=C/c4ccc(C(F)(F)F)cc4)n3)c2)c1,3250,5.488116639
ZVDWZJCNOLVONI-UHFFFAOYSA-N,C=CC(=O)Nc1cccc(-c2c(-c3ccc(N4CCN(C)CC4)cc3)[nH]c3ncnc(Nc4ccc(NC(=O)C(c5ccccc5)N5Cc6ccccc6C5=O)cc4)c23)c1,43,7.366531544
NYRHVFBFQMTSLO-SOFGYWHQSA-N,CCOc1cc2ncc(C#N)c(Nc3ccc(OCc4cccnc4)c(Cl)c3)c2cc1NC(=O)/C=C/CN(C)C,269,6.57024772
ITVLSWHERKANSP-RWINEGRVSA-N,COC[C@H]1CCCN1/N=C/c1c(N)ncnc1Nc1ccc2c(cnn2Cc2cccc(F)c2)c1,72,7.142667504
FPJGDXKFEYENFB-UHFFFAOYSA-N,C=CC(=O)Nc1cc(-c2c[nH]c3ncnc(Nc4ccc(OCc5ccccn5)c(Cl)c4)c23)ccc1OC(C)COC,14,7.853871964
XQWATEKYOOFROO-UHFFFAOYSA-N,Nc1cccc(C#Cc2cncnc2Nc2ccc(OCc3cccc(F)c3)c(Cl)c2)c1,44,7.356547324
XCIKLSSUHGYTCI-UHFFFAOYSA-N,Fc1cccc(COc2ccc(Nc3ncncc3C#Cc3ccccn3)cc2Cl)c1,55,7.259637311
HGURWXVQNCHCIP-CPSHHHPTSA-N,Cc1cc(Nc2ncnc3cc(O)c(NC(=O)/C=C/[C@H]4CCCN4C)cc23)ccc1Oc1cnc2ccnn2c1,2.41,8.617982957
AFIJGEFBZOCXKC-UHFFFAOYSA-N,Cc1ncc([N+](=O)[O-])n1CC(=O)NS(=O)(=O)c1ccc(Br)cc1,3590,5.444905551
QWAHCSOEUYGXDS-UHFFFAOYSA-N,Fc1cccc(COc2ccc(Nc3ncnc4cc[nH]c34)cc2Cl)c1,13,7.886056648
JNBDLDLZBBRMKI-UHFFFAOYSA-N,CC(=O)N1N=C(c2ccc(C)cc2)CC1c1ccc(C(=O)OCCn2c([N+](=O)[O-])cnc2C)cc1,13160,4.880744111
QWQZKRUEXGQYOZ-DHZHZOJOSA-N,CCOc1cc2ncc(C#N)c(Nc3cc(Cl)c(OCc4ccccc4)c(Cl)c3)c2cc1NC(=O)/C=C/CN(C)C,406,6.391473966
ZNIHSZIOJYSEMQ-UHFFFAOYSA-N,Cc1cc(Nc2ncnc3cnc(N4CCN(C)CC4)cc23)ccc1Oc1ccc(C(=O)NCC(C)(C)C)cc1,130,6.886056648
LBCJLJLRXUEGLC-UHFFFAOYSA-N,O=C(Cc1cccc(Br)c1)NS(=O)(=O)c1ccc(F)cc1,20450,4.689306688
CJHNARCORXPMOD-CYFREDJKSA-N,C[C@@H](c1ccccc1)n1ncc2cc(Nc3ncnn4ccc(COC[C@@H]5CNCCO5)c34)ccc21,850,6.070581074
LURGJPYZRSEIGY-UHFFFAOYSA-N,COCC(=O)NCC#Cc1ccc2ncnc(Nc3ccc(OC4CCN(C(=O)C5CCCO5)CC4)c(C)c3)c2c1,550,6.259637311
MXWHQDKBDRIKNI-UHFFFAOYSA-N,NC(=S)N1N=C(c2ccc(Cl)cc2)CC1c1cccc2ccccc12,5460,5.262807357
NKAFAOZJYRUFSQ-UHFFFAOYSA-N,CN(C)CCCOCc1ccn2ncnc(Nc3ccc4c(cnn4Cc4cccc(F)c4)c3)c12,560,6.251811973
QTRVZMFRXOALDJ-UHFFFAOYSA-N,O=C(C#CCN1CCOCC1)Nc1cc2c(Nc3ccc(F)c(Cl)c3)ncnc2cn1,26,7.585026652
ZJGVRTUMQUFUOX-UHFFFAOYSA-N,COc1ccc(C2=NN(C3=NC(=O)CS3)C(c3ccc(Cl)cc3)C2)cc1,7590,5.119758224
KARUNYWUPUPXDW-UHFFFAOYSA-N,Cc1ccc(S(=O)(=O)NC(=O)Cc2ccc(Cl)cc2)cc1,15570,4.807711387
VJBGCGWDTBHXQK-DTQAZKPQSA-N,CCOc1cc2ncc(C#N)c(Nc3ccc(OCc4ccccc4)c(Cl)c3)c2cc1NC(=O)/C=C/c1cccc2cccnc12,1134,5.945386945
MCIZZPUSTVXXPG-UHFFFAOYSA-N,CCN(CC)CC#CC(=O)Nc1cc2c(Nc3ccc(F)c(Cl)c3)ncnc2cn1,597,6.224025669
GEAOSTRCYQQZDY-KPKJPENVSA-N,FC(F)(F)c1ccc(/C=C/c2nc(Cn3ccc4cc(-c5ccccc5Cl)ccc43)co2)cc1,10230,4.990124366
CAWAMBOTFXXXBZ-JXMROGBWSA-N,CCOc1cc2ncc(C#N)c(Nc3ccc(OCc4ccccc4F)c(Cl)c3)c2cc1NC(=O)/C=C/CN(C)C,732,6.135488919
CTCXKWWYXMCWMT-UHFFFAOYSA-N,CCCCN(Cc1cccc(Br)c1O)C(=S)Nc1ccccc1,39510,4.40329297
NKUFCHJXONJOLU-UHFFFAOYSA-N,COc1cccc(Oc2ccc(Nc3ncnc4cc[nH]c34)cc2Cl)c1,26,7.585026652
BVWQZMQCRDRIMH-IPPBACCNSA-N,CN1CCN(/N=C/c2c(N)ncnc2Nc2ccc3c(cnn3Cc3cccc(F)c3)c2)CC1,8,8.096910013
ALLOGFWHFYNGAI-UHFFFAOYSA-N,OCCn1ccc2ncnc(Nc3ccc(Oc4cccc(OC(F)(F)F)c4)c(Cl)c3)c21,29,7.537602002
QAEQSYBSVNAKON-UHFFFAOYSA-N,Cc1ccc(C2=NN(C(N)=S)C(c3ccc4ccccc4c3)C2)cc1,1040,5.982966661
ILHWBBJDMDWNNH-UHFFFAOYSA-N,O=C1CSC(N2N=C(c3ccc(Br)cc3)CC2c2ccccc2)=N1,4870,5.312471039
CNRMVFRKCDVXKW-JXMROGBWSA-N,COCCOc1cc2ncnc(Nc3ccc4c(cnn4Cc4ccccc4)c3)c2cc1NC(=O)/C=C/CN(C)C,4,8.397940009
VZUOXKTTZJFLLO-UHFFFAOYSA-N,O=C1CSC(N2N=C(c3ccccc3)CC2c2ccc(Br)cc2)=N1,3050,5.515700161
DURYAAKIQVDWGP-UHFFFAOYSA-N,NC(=S)N1N=C(c2ccc(Cl)c(Cl)c2)CC1c1cccc2ccccc12,6840,5.164943898
RCUSFXIASRCUQJ-IPPBACCNSA-N,Nc1ncnc(Nc2ccc3c(cnn3Cc3cccc(F)c3)c2)c1/C=N/N1CCCCC1,18,7.744727495
SADXACCFNXBCFY-IYNHSRRRSA-N,CCOc1cc2ncc(C#N)c(Nc3ccc(OCc4ccccn4)c(Cl)c3)c2cc1NC(=O)/C=C/[C@H]1CCCN1C,9.07,8.042392713
AXCWTPZBNBDGJR-UHFFFAOYSA-N,COc1ccc(C2=NN(C(N)=S)C(c3cccc4ccccc34)C2)cc1,4180,5.378823718
AAAAZQPHATYWOK-JXMROGBWSA-N,CCOc1cc2ncc(C#N)c(Nc3ccc(OCc4nc5ccccc5s4)c(Cl)c3)c2cc1NC(=O)/C=C/CN(C)C,64,7.193820026
ZVJKJOPDVJJONM-JXMROGBWSA-N,COc1cc2ncc(C#N)c(Nc3ccc(NCNc4ccccc4)c(Cl)c3)c2cc1NC(=O)/C=C/CN(C)C,1100,5.958607315
NXBDRZNDPDCAAE-UHFFFAOYSA-N,Cn1ncc2c(Oc3ccc(Nc4ncnc5ccn(CCO)c45)cc3Cl)cccc21,2.1,8.677780705
PTARQPWAPBTGAG-UHFFFAOYSA-N,Nc1ccc(C#Cc2cncnc2Nc2ccc(OCc3cccc(F)c3)c(Cl)c2)cc1,36,7.443697499
OZHWQXHMFVYGIW-VOTSOKGWSA-N,CCOc1cc2ncc(C#N)c(Nc3ccc(OCc4nccn4C)c(Cl)c3)c2cc1NC(=O)/C=C/CN(C)C,625,6.204119983
SJMHQTPAHZSCGB-UHFFFAOYSA-N,Clc1cc(Nc2ncnc3cc[nH]c23)ccc1OCc1ccccn1,22,7.657577319
YJFISNXQNZZQFP-DHZHZOJOSA-N,CCOc1cc2ncc(C#N)c(Nc3ccc4c(ccn4Cc4ccccc4)c3)c2cc1NC(=O)/C=C/CN(C)C,15,7.823908741
AQFZJOYINHZVKG-UHFFFAOYSA-N,C=CC(=O)Nc1cccc(-c2c(-c3ccc(N4CCN(C)CC4)cc3)[nH]c3ncnc(Nc4ccc(CN5C(=O)c6ccccc6C5=O)cc4)c23)c1,55,7.259637311
UHXMARJQLILHMW-UHFFFAOYSA-N,C=CC(=O)Nc1cc(-c2c[nH]c3ncnc(Nc4ccc5[nH]c(Cc6ccccc6)nc5c4)c23)ccc1OCCO,188,6.725842151
DSVDKYADAKKORA-UHFFFAOYSA-N,O=C1Cc2cc(Oc3ccc(Nc4ncnc5ccn(CCO)c45)cc3Cl)ccc2N1,28,7.552841969
CNRXAYAWNNSNLT-UHFFFAOYSA-N,CC(=O)Nc1cccc(C#Cc2cncnc2Nc2ccc(OCc3cccc(F)c3)c(Cl)c2)n1,59,7.229147988
HLYYORUNLXZMBW-UHFFFAOYSA-N,O=C1CSC(N2N=C(c3ccc(F)cc3)CC2c2ccc(Br)cc2)=N1,6240,5.20481541
KCHHPNMKOHRFDK-RMKNXTFCSA-N,O=C(/C=C/CN1CCCC1)Nc1cc2c(Nc3ccc(Oc4ccccc4)cc3)ncnc2cn1,102,6.991399828
VAJPYTMPGMTMKB-UHFFFAOYSA-N,O=C(Cc1ccc(Cl)cc1)NS(=O)(=O)c1ccc(Br)cc1,13560,4.86774031
ANSWUIBOAMGTKA-UHFFFAOYSA-N,CC(=O)N1N=C(c2ccc(Cl)cc2)CC1c1ccc(C(=O)OCCn2c([N+](=O)[O-])cnc2C)cc1,4100,5.387216143
OETCDAITXCDXIB-UHFFFAOYSA-N,O=C(C#CCCN1CCOCC1)Nc1ccc2ncnc(Nc3ccc(F)c(Cl)c3)c2c1,2.3,8.638272164
QGTJGYUQPVBUGS-QFIPXVFZSA-N,c1cncc(Cn2ncc3cc(Nc4ncnn5ccc(COC[C@@H]6CNCCO6)c45)ccc32)c1,410,6.387216143
FWRVTLDCKFPGCK-UHFFFAOYSA-N,CC(C)(CO)C(=O)NCCn1ccc2ncnc(Nc3ccc(Oc4cccc5sncc45)c(Cl)c3)c21,3.3,8.48148606
SGYAQGSCPQGXLC-KOSHJBKYSA-N,C[C@H](c1cccc(F)c1)n1ncc2cc(Nc3ncnn4ccc(COC[C@@H]5CNCCO5)c34)ccc21,41,7.387216143
MCEJMTKEBSFUJK-UHFFFAOYSA-N,Cc1cc2ncnc(Nc3ccc(Oc4cccc(C(F)(F)F)c4)c(Cl)c3)c2n1CCOCCO,12,7.920818754
YOWWEQRTMDLMLL-UHFFFAOYSA-N,Fc1ccc(C2=NN(c3ccccc3)C(c3cccc4ccccc34)C2)cc1,3590,5.444905551
WPKVIBFJECQBCV-RMKNXTFCSA-N,CCOc1cc2ncnc(Nc3ccc4c(cnn4Cc4ccccc4)c3)c2cc1NC(=O)/C=C/CN1CCOCC1,27,7.568636236
LGXGXEHDETVKLB-WUXMJOGZSA-N,COc1ccc(/C=N/NC2=NC(=O)CS2)cc1,9170,5.037630664
KTIOIWKPYJUSTA-UHFFFAOYSA-N,CC(=O)N1N=C(c2ccc([N+](=O)[O-])cc2)CC1c1ccc(C(=O)OCCn2c([N+](=O)[O-])cnc2C)cc1,2060,5.68613278
PHYKCHVITBAQIF-UHFFFAOYSA-N,NCC1CCN(Cc2ccn3ncnc(Nc4ccc5c(cnn5Cc5cccc(F)c5)c4)c23)CC1,38,7.420216403
RSJGJVCLGCMCLO-UHFFFAOYSA-N,CCC(=O)Nc1cc2c(Nc3ccc4c(c3)CCN4Cc3ccccn3)ncnc2cc1OC,897,6.047207557
GZOONDSECSSONX-QFIPXVFZSA-N,c1ccc(Cn2ncc3cc(Nc4ncnn5ccc(COC[C@@H]6CNCCO6)c45)ccc32)nc1,380,6.420216403
BIOWMBMJKQEQBG-UHFFFAOYSA-N,O=C(Cc1ccc(Cl)cc1)NS(=O)(=O)c1ccc(F)cc1,11050,4.956637722
LTZADKANMDZUFP-XODNFHPESA-N,Nc1ncnc(Nc2ccc3c(cnn3Cc3cccc(F)c3)c2)c1/C=N/N1CCOCC1,7,8.15490196
BGGNHDDNOKPDMN-UHFFFAOYSA-N,COc1ccc(C2CC(c3ccc(Cl)cc3)=NN2C2=NC(=O)CS2)cc1,10340,4.985479461
CVXCGOOTIVLTGK-UHFFFAOYSA-N,COc1ccc(C2=NN(C3=NC(=O)CS3)C(c3ccc(F)cc3)C2)cc1,8040,5.094743951
LQTGHMBQDOQFCW-XCVCLJGOSA-N,Fc1ccc(NCc2coc(/C=C/c3ccc(C(F)(F)F)cc3)n2)cc1,2170,5.663540266
RFLDKDRBFRIRBR-RMKNXTFCSA-N,Fc1cccc(NCc2coc(/C=C/c3ccc(C(F)(F)F)cc3)n2)c1,8630,5.063989204
DMSGOCXLZYJECI-UHFFFAOYSA-N,Cc1ccc(C2=NN(C3=NC(=O)CS3)C(c3ccc(Br)cc3)C2)cc1,1070,5.970616222
LYIUENVBACZSCL-TYOLEZHBSA-N,Cc1cc(Nc2ncnc3ccc(NC(=O)/C=C/[C@H]4CCCN4C)cc23)ccc1Oc1cc2nncn2cn1,1.4,8.853871964
HYMYAHJTTZILBA-UHFFFAOYSA-N,CC(C)(C)NC(=O)c1cccc(Oc2ccc(Nc3ncnc4ccn(CCO)c34)cc2Cl)c1,2.3,8.638272164
ZZRGSHVUZJRFKX-UHFFFAOYSA-N,NC1CCN(Cc2ccn3ncnc(Nc4ccc(OCc5cccc(F)c5)c(Cl)c4)c23)CC1,32,7.494850022
VTBGXVHIEWGJBV-UHFFFAOYSA-N,NC1CCN(Cc2ccn3ncnc(Nc4ccc(OCc5cccnc5)c(Cl)c4)c23)CC1,36,7.443697499
YUEWCBSNZWDONI-UHFFFAOYSA-N,CCC(=O)Nc1cc2c(Nc3ccc(OCc4ccccc4)cc3)ncnc2cc1OC,404,6.393618635
PEGQWGLLBPWDAS-UHFFFAOYSA-N,FC(F)(F)Oc1cccc(Oc2ccc(Nc3ncnc4cc[nH]c34)cc2Cl)c1,41,7.387216143
RCKIDWKUGKLLRU-UHFFFAOYSA-N,COCC(=O)NCC#Cc1ccc2ncnc(Nc3ccc(OC4CCN(C(=O)Nc5c(F)cccc5F)CC4)c(C)c3)c2c1,76,7.119186408
AEBKFOMFJMJUFH-VPGRUKGMSA-N,CCOc1cc2ncnc(Nc3ccc4c(cnn4Cc4ccccc4)c3)c2cc1NC(=O)/C=C/CN1[C@H](C)CCC[C@@H]1C,128,6.89279003
RDZCSFHYEHBJON-VMPITWQZSA-N,CCOc1cc2ncc(C#N)c(Nc3ccc(OCc4ccco4)c(Cl)c3)c2cc1NC(=O)/C=C/CN(C)C,62,7.207608311
RMPVKBBFQRDYJT-UHFFFAOYSA-N,CS(=O)(=O)CCOCc1ccc(-c2ccc3ncnc(Nc4ccc(OCc5cccc(F)c5)c(Cl)c4)c3c2)o1,17,7.769551079
NTCYROXBTZYTDM-UHFFFAOYSA-N,Cc1ccc(C2=NN(C3=NC(=O)CS3)C(c3ccc(F)cc3)C2)cc1,3530,5.452225295
JJHXVSSJRMTBMC-UHFFFAOYSA-N,O=C(C#CCCN1CCOCC1)Nc1cc2c(Nc3ccc(F)c(Cl)c3)ncnc2cn1,0.8,9.096910013
LJQVSABKPVFCTG-UHFFFAOYSA-N,Fc1cccc(Oc2ccc(Nc3ncnc4cc[nH]c34)cc2Cl)c1,20,7.698970004
VNSGZPKJDBAOQI-UHFFFAOYSA-N,CC(=O)NC1CCN(Cc2ccn3ncnc(Nc4ccc5c(cnn5Cc5cccc(F)c5)c4)c23)CC1,180,6.744727495
BWUDFDISHJZZSP-UHFFFAOYSA-N,C=CC(=O)Nc1cccc(-c2c(-c3ccc(N4CCN(C)CC4)cc3)[nH]c3ncnc(Nc4ccc(OCc5cccc(F)c5)c(Cl)c4)c23)c1,95,7.022276395
ZZOFSNIYKIWAIB-UHFFFAOYSA-N,CCCS(=O)(=O)CCNCc1ccc(-c2ccc3ncnc(Nc4ccc(OCc5cccc(F)c5)c(Cl)c4)c3c2)o1,26,7.585026652
RWZFERBECCSPBU-UHFFFAOYSA-N,COc1ccc(C2CC(c3ccc(F)cc3)=NN2C2=NC(=O)CS2)cc1,12430,4.905528871
MEHRBVQTOVMMDP-UHFFFAOYSA-N,NC(=O)COCc1ccn2ncnc(Nc3ccc4c(cnn4Cc4cccc(F)c4)c3)c12,110,6.958607315
UZGXHZBWNFJHQD-UHFFFAOYSA-N,CS(=O)(=O)CCC(=O)Nc1cccc(C#Cc2cncnc2Nc2ccc(OCc3cccc(F)c3)c(Cl)c2)c1,32,7.494850022
KHBZUTKCIKDFSN-LFYBBSHMSA-N,O=C1CSC(N/N=C/c2ccc(Cl)cc2)=N1,2750,5.560667306
LHTLRFBWZSNCGA-UHFFFAOYSA-N,C=CC(=O)Nc1cccc(-c2c[nH]c3ncnc(Nc4ccc5c(cnn5Cc5ccccc5)c4)c23)c1,12,7.920818754
GASRAFPOGFLNOD-UHFFFAOYSA-N,C=C(CN1CCOCC1)C(=O)Nc1cc2c(Nc3ccc(OCc4ccccc4)c(Cl)c3)c(C#N)cnc2cc1OCC,89,7.050609993
FAEABHLBQFONPS-ZRDIBKRKSA-N,CCOc1cc2ncc(C#N)c(Nc3ccc(OCc4ccccc4)c(Cl)c3)c2cc1NC(=O)/C=C/c1cn(C)cn1,227,6.643974143
TURWKCNNQKWOTA-UHFFFAOYSA-N,O=C(C#CCN1CCOCC1)Nc1ccc2ncnc(Nc3ccc(F)c(Cl)c3)c2c1,300,6.522878745
VIANWBJPMVJZPN-UHFFFAOYSA-N,CN1CCN(CCC#CC(=O)Nc2cc3c(Nc4ccc(F)c(Cl)c4)ncnc3cn2)CC1,0.7,9.15490196
HNWMWIVFQFTJOX-UHFFFAOYSA-N,C=CC(=O)Nc1cccc(-c2c(-c3ccc(N4CCN(C)CC4)cc3)[nH]c3ncnc(Nc4ccc(OC(c5ccccc5)c5ccccc5)cc4)c23)c1,4.5,8.346787486
SXHXSFDRRRWGRB-UHFFFAOYSA-N,O=C1NCc2ccc(Oc3ccc(Nc4ncnc5ccn(CCO)c45)cc3Cl)cc21,1.3,8.886056648
NBVZPICHNRCCJN-UHFFFAOYSA-N,Cc1cc(C)c(O)c(CN(Cc2ccc(O)cc2)C(=O)Nc2ccccc2)c1,16120,4.792634963
ZVDGUFJKSDBCDL-LFYBBSHMSA-N,O=C1CSC(N/N=C/c2ccc(F)cc2)=N1,3890,5.410050399
YDACLKUOFPGAGO-UHFFFAOYSA-N,COc1cn2ncnc(Nc3ccc4c(cnn4Cc4cccc(F)c4)c3)c2c1CN1CCCNCC1,170,6.769551079
UWERUQQBFCQSFI-UHFFFAOYSA-N,CC(=O)N1N=C(c2ccc(C(F)(F)F)cc2)CC1c1ccc(C(=O)OC(C)Cn2c([N+](=O)[O-])cnc2C)cc1,5620,5.250263684
FRQFIGQZHAECJO-FNORWQNLSA-N,COc1cc2ncc(C#N)c(Nc3ccc(NCc4cccnc4)c(Cl)c3)c2cc1NC(=O)/C=C/CN(C)C,3900,5.408935393
APBCLSCKMPCKMF-UHFFFAOYSA-N,Oc1ccc(CN(Cc2cc(Cl)cc(Cl)c2O)C(=S)Nc2ccccc2)cc1,1230,5.910094889
HCONVOOBXMEDII-UHFFFAOYSA-N,FC(F)(F)Oc1ccccc1Oc1ccc(Nc2ncnc3cc[nH]c23)cc1Cl,55,7.259637311
UTHCWAKCUYYOJY-AATRIKPKSA-N,CCOc1cc2ncc(C#N)c(Nc3ccc(OCc4ccc(F)cc4F)c(Cl)c3)c2cc1NC(=O)/C=C/CN(C)C,81,7.091514981
WIFWLMOAXXFDDO-LFYBBSHMSA-N,O=C1CSC(N/N=C/c2cccc(Cl)c2)=N1,14340,4.843450849
ARTXCXRRTXRAOJ-UHFFFAOYSA-N,COc1ccc(C2=NN(c3ccccc3)C(c3ccc4ccccc4c3)C2)cc1,1450,5.838631998
QWYNDGPXFFALKC-UXBLZVDNSA-N,CCOc1cc2ncc(C#N)c(Nc3ccc(OCc4ccccc4)c(Cl)c3)c2cc1NC(=O)/C=C/CN1CCC1,40,7.397940009
UJDNKFDRJWNSEG-UHFFFAOYSA-N,O=C1CSC(N2N=C(c3ccc(Br)cc3)CC2c2ccc(Cl)cc2)=N1,5870,5.231361899
PWQAYVPGWSRNKH-UHFFFAOYSA-N,Clc1ccc(C2=NN(c3ccccc3)C(c3ccc4ccccc4c3)C2)cc1Cl,1020,5.991399828
NKYZLAFGFAJBIY-UHFFFAOYSA-N,Cc1cc(Nc2ncnc3ccc(OCCCN4CCOCC4)cc23)ccc1OC1CCN(C(=O)CC(C)(C)C)CC1,75,7.124938737
JZWRJCKVZCYRLF-UHFFFAOYSA-N,[O-][S+]1CCN(Cc2ccc(-c3ccc4ncnc(Nc5ccc(OCc6cccc(F)c6)c(C(F)(F)F)c5)c4c3)o2)CC1,141,6.850780887
WUZJUVCMTGFTDE-UHFFFAOYSA-N,CC(=O)N1N=C(c2ccc(I)cc2)CC1c1ccc(C(=O)OC(C)Cn2c([N+](=O)[O-])cnc2C)cc1,12660,4.897566294
GFPQRHXCPZSHRH-SOFGYWHQSA-N,COc1cc2ncnc(Nc3ccc(Cc4ccccn4)cc3)c2cc1NC(=O)/C=C/CN1CCCC1,413,6.384049948
FFMBLUIQUJAMEE-UHFFFAOYSA-N,C=CC(=O)Nc1cc(-c2c[nH]c3ncnc(Nc4ccc(OCc5ccccn5)c(Cl)c4)c23)ccc1OCCN(C)C,15,7.823908741
ZNRSOAIMVVRTJR-UHFFFAOYSA-N,C=CC(=O)Nc1cc2c(Nc3ccc(Oc4cc5nncn5cn4)c(C)c3)ncnc2cc1OCC,1.93,8.714442691
DRTZXIIFBAIOBW-UHFFFAOYSA-N,Fc1cccc(COc2ccc(Nc3ncncc3C#Cc3cccnc3)cc2Cl)c1,140,6.853871964
HEWAOSRCHKDFBK-UHFFFAOYSA-N,C=C(CNc1cc2c(Nc3ccc(OCc4ccccc4)c(Cl)c3)c(C#N)cnc2cc1OCC)C(=O)O,3781,5.422393323
BMAOWXTVCYAPFY-JXMROGBWSA-N,CCOc1cc2ncc(C#N)c(Nc3ccc(OCc4ccccc4)c(Cl)c3)c2cc1NC(=O)/C=C/CN1CCN(C)CC1,540,6.26760624
ONQVMCPUHNXZRV-UHFFFAOYSA-N,O=C(Cc1ccc(Br)cc1)NS(=O)(=O)c1ccc(F)cc1,16260,4.788879459
JCPYWYVSOPJWKF-UHFFFAOYSA-N,C=CC(=O)Nc1cccc(-c2c(-c3ccc(N4CCN(C)CC4)cc3)[nH]c3ncnc(Nc4ccc(OC(=O)C(c5ccccc5)N5Cc6ccccc6C5=O)cc4)c23)c1,13,7.886056648
LJZIMCVKWDQQNE-UHFFFAOYSA-N,Cc1cc(Nc2ncnc3ccc(OCCCN4CCOCC4)cc23)ccc1OC1CCN(C(=O)Nc2c(F)cccc2F)CC1,55,7.259637311
AMPJVHBLKDNTBD-UHFFFAOYSA-N,O=C(Nc1ccccc1)N(Cc1ccc(O)cc1)Cc1cccc(Br)c1O,2660,5.575118363
QUMXZLSLZVWESB-UHFFFAOYSA-N,Cc1ccn2ncnc(Nc3ccc4c(cnn4Cc4ccccc4)c3)c12,110,6.958607315
KKWBRQPIXLDPAR-UHFFFAOYSA-N,Cc1cc(Nc2ncnc3cnc(N4CCOCC4)cc23)ccc1Oc1ccc(C(=O)NCC(C)(C)C)cc1,21,7.677780705
NVTIQCRSEMKCEN-UHFFFAOYSA-N,CS(=O)(=O)CCN(Cc1ccccc1)Cc1ccc(-c2ccc3ncnc(Nc4ccc(OCc5cccc(F)c5)c(Cl)c4)c3c2)o1,141,6.850780887
YYNUBPUXFJKWOK-UHFFFAOYSA-N,OCCn1ccc2ncnc(Nc3ccc(Oc4cccc(Cl)c4)c(Cl)c3)c21,4.1,8.387216143
HQXNBLABUXMVOL-SNAWJCMRSA-N,Cc1cc(Nc2c(C#N)cnc3ccc(NC(=O)/C=C/CN(C)C)cc23)ccc1Oc1cc2nncn2cn1,62.26,7.205790884
OMYOVWAUIIJSPG-UHFFFAOYSA-N,C#CC(=O)Nc1cc2c(Nc3cccc(Br)c3)ncnc2cn1,2.4,8.619788758
XFUGKGRUXXJRJA-UHFFFAOYSA-N,CS(=O)(=O)CCNC1CCN(Cc2ccn3ncnc(Nc4ccc5c(cnn5Cc5cccc(F)c5)c4)c23)CC1,190,6.721246399
XGYONXNDSMGIDL-UHFFFAOYSA-N,Cc1ccc(C2CC(c3ccc(Cl)cc3)=NN2C2=NC(=O)CS2)cc1,8130,5.089909454
CXDUFDRGOOEEHL-UHFFFAOYSA-N,CCC(=O)Nc1cc2c(Nc3ccc(OCc4cccc(F)c4)c(Cl)c3)ncnc2cc1OC,458,6.339134522
HLVUTYRQJVXXMA-AATRIKPKSA-N,CCOc1cc2ncc(C#N)c(Nc3ccc(Oc4ccncc4)c(Cl)c3)c2cc1NC(=O)/C=C/CN(C)C,8100,5.091514981
YVHIBMWTWVBAAS-UHFFFAOYSA-N,OCCNC1CCN(Cc2ccn3ncnc(Nc4ccc5c(cnn5Cc5cccc(F)c5)c4)c23)CC1,31,7.508638306
PUZHSTYINGQJHB-UHFFFAOYSA-N,O=C1CSC(NN=C2CCCCCCC2)=N1,31000,4.508638306
OSNPLDLPFDTALJ-UHFFFAOYSA-N,Cc1ccn2ncnc(Nc3ccc4c(cnn4Cc4cccnc4)c3)c12,250,6.602059991
OCOAWZRMFFUFOR-SNAWJCMRSA-N,COc1cc2ncc(C#N)c(Nc3ccc(-n4ccnc4)c(Cl)c3)c2cc1NC(=O)/C=C/CN(C)C,800,6.096910013
ADGFMMGNBWOIFL-UHFFFAOYSA-N,Cc1cccc(CN(Cc2ccc(O)cc2)C(=O)Nc2ccccc2)c1O,18430,4.734474665
BGBLLHLHSYVTAD-WUXMJOGZSA-N,COc1cccc(/C=N/NC2=NC(=O)CS2)c1,45510,4.341893164
NERXPXBELDBEPZ-RMKNXTFCSA-N,CCOc1cc2ncc(C#N)c(Nc3ccc(OCc4cccc(F)c4)c(Cl)c3)c2cc1NC(=O)/C=C/CN(C)C,33,7.48148606
RGWCDYFHPBVQSW-WFAPNNQUSA-N,CCOc1cc2ncc(C#N)c(Nc3ccc(OCc4ccccc4)c(Cl)c3)c2cc1NC(=O)/C=C/CN(C)NC[C@H](O)[C@@H](O)[C@H](O)[C@H](O)CO,966,6.015022874
ZJEZFXHLOYIZAT-UHFFFAOYSA-N,Oc1ccc(CN(Cc2cc(Br)cc(Br)c2O)C(=S)Nc2ccccc2)cc1,2240,5.649751982
AMGFBSMVLAHKRN-UHFFFAOYSA-N,CC(=O)N1N=C(c2ccc(F)cc2)CC1c1ccc(C(=O)OC(C)Cn2c([N+](=O)[O-])cnc2C)cc1,8540,5.068542129
BHZWACACNOOTKB-UHFFFAOYSA-N,[O-][S+]1CCN(Cc2ccc(-c3ccc4ncnc(Nc5ccc(OCc6cccc(F)c6)c(Cl)c5)c4c3)o2)CC1,18,7.744727495
ZFTKFOAKOQEOAJ-UHFFFAOYSA-N,Brc1ccc(C2=NN(c3ccccc3)C(c3ccc4ccccc4c3)C2)cc1,1280,5.89279003
XYMFZAWLOAIXSJ-UHFFFAOYSA-N,Clc1ccc(C2=NN(c3ccccc3)C(c3ccc4ccccc4c3)C2)cc1,1460,5.835647144
ABLXXKUDDSMAHU-UHFFFAOYSA-N,OCCNCCn1ccc2ncnc(Nc3ccc(Oc4cccc(C(F)(F)F)c4)c(Cl)c3)c21,7.7,8.113509275
OSBNTMYQLUCHOK-UHFFFAOYSA-N,OCCn1ccc2ncnc(Nc3ccc(Oc4cccc5sncc45)c(Cl)c3)c21,2.1,8.677780705
NPLNGNUAEBHRJI-UHFFFAOYSA-N,COc1ccc(C2=NN(C(C)=O)C(c3ccc(C(=O)OCCn4c([N+](=O)[O-])cnc4C)cc3)C2)cc1,17250,4.763210901
YOLVGSGGIWJSLQ-UHFFFAOYSA-N,CCC(=O)Nc1cc2c(Nc3ccc4c(ccn4Cc4ccco4)c3)ncnc2cc1OC,782,6.106793247
QJDZBJMJPZWLKU-UHFFFAOYSA-N,O=C1CSC(N2N=C(c3ccc(Br)cc3)CC2c2ccc(F)cc2)=N1,8140,5.089375595
WUPUQIUJIDRWAX-UHFFFAOYSA-N,Cc1cncc(Cn2ncc3cc(Nc4ncnn5ccc(CN6CCC(N)CC6)c45)ccc32)c1,13,7.886056648
NTCNXENEFGFCKG-JXMROGBWSA-N,FC(F)(F)c1ccc(/C=C/c2nc(CNc3ccccc3Cl)co2)cc1,2790,5.554395797
JEASCNMPAUREFQ-RMKNXTFCSA-N,FC(F)(F)c1ccc(/C=C/c2nc(CNc3cccc(Cl)c3)co2)cc1,2010,5.696803943
ASXBFKMZPZRWDW-RMKNXTFCSA-N,CCOc1cc2ncnc(Nc3ccc(OCc4cccc(F)c4)c(Cl)c3)c2cc1NC(=O)/C=C/CN1CCCC1,10,8
VTXQTIHBNGSDQB-UHFFFAOYSA-N,O=C1CSC(N2N=C(c3ccc(Cl)cc3)CC2c2ccccc2)=N1,7050,5.151810883
KTFFJRYMJYJAJY-DHZHZOJOSA-N,CCOc1cc2ncc(C#N)c(Nc3ccc(OCc4ccc(OCc5ccccc5)cc4)c(Cl)c3)c2cc1NC(=O)/C=C/CN(C)C,3775,5.423083044
BIHVFACLXYTHDA-UHFFFAOYSA-N,C=CS(=O)(=O)Nc1cc2c(Nc3ccc(OCc4ccccc4)c(Cl)c3)c(C#N)cnc2cc1OCC,61,7.214670165
JFEKMLAOHVYFGS-UHFFFAOYSA-N,[O-][S+](CCO)CCn1ccc2ncnc(Nc3ccc(Oc4cccc(C(F)(F)F)c4)c(Cl)c3)c21,12,7.920818754
AZDCMGDGNHSVCZ-UHFFFAOYSA-N,Cn1ccnc1S(=O)(=O)CCNCc1ccc(-c2ccc3ncnc(Nc4ccc(OCc5cccc(F)c5)c(C(F)(F)F)c4)c3c2)o1,26,7.585026652
GLSOBAXGEXVXAA-DHZHZOJOSA-N,CCOc1cc2ncc(C#N)c(Nc3ccc(OCCc4ccccc4)c(Cl)c3)c2cc1NC(=O)/C=C/CN(C)C,281,6.55129368
JLWZRGNJHZVVKD-FNORWQNLSA-N,O=C(/C=C/CN1CCCC1)Nc1cc2c(Nc3ccc(Cc4ccccn4)cc3)ncnc2cn1,17,7.769551079
YYRLRYVLVLGRLU-UHFFFAOYSA-N,COc1ccc(C2=NN(C(N)=S)C(c3ccc4ccccc4c3)C2)cc1,3280,5.484126156
HGQXZYPOEYQQSH-UHFFFAOYSA-N,O=C1Cc2cccc(Oc3ccc(Nc4ncnc5ccn(CCO)c45)cc3Cl)c2N1,1.5,8.823908741
WCVWWGMNEYDXSB-UHFFFAOYSA-N,c1ccc(C2=NN(c3ccccc3)C(c3ccc4ccccc4c3)C2)cc1,1890,5.723538196
WJGBEIOIHHBCIV-RRSRKQOQSA-N,CCOc1cc2ncnc(Nc3ccc4c(cnn4Cc4ccccc4)c3)c2cc1NC(=O)/C=C/CN1[C@H](C)CNC[C@@H]1C,198,6.70333481
HTIFVTQSFKUCDX-UHFFFAOYSA-N,CS(=O)(CCNCc1oc(c(cc2)cc3c2ncnc3Nc4cc(Cl)c(OCc5ccccc5)cc4)cc1)=O,16,7.795880017
WFADQLXGYLZEED-UHFFFAOYSA-N,Cc1ccc(C2=NN(C(N)=S)C(c3cccc4ccccc34)C2)cc1,6680,5.175223538
OQVSAKUFJLVWSE-UHFFFAOYSA-N,Cc1ccc(C2=NN(C3=NC(=O)CS3)C(c3ccccc3)C2)cc1,2240,5.649751982
ZFSARQGLTKFTDV-UHFFFAOYSA-N,Cc1ccc(S(=O)(=O)NC(=O)Cc2ccc(Br)cc2)cc1,20330,4.691862621
WJWDSZSWGLMXLC-UHFFFAOYSA-N,Cc1ccc(S(=O)(=O)NC(=O)Cc2ccc(F)cc2)cc1,10530,4.977571629
BVBMTEPFJRTLEL-KBKYJPHKSA-N,CN(C)/N=C/c1c(N)ncnc1Nc1ccc2c(cnn2Cc2cccc(F)c2)c1,2,8.698970004
TVQHGTHLBVLBIA-UHFFFAOYSA-N,O=C(C#CCO)Nc1ccc2ncnc(Nc3ccc(F)c(Cl)c3)c2c1,2.1,8.677780705
HADVGAWGEIOCTD-UHFFFAOYSA-N,NC(=S)N1N=C(c2ccc(Br)cc2)CC1c1ccc2ccccc2c1,1210,5.91721463
OQCSFFGUVREAKY-UHFFFAOYSA-N,CCOc1ccc(C2=NN(C(C)=O)C(c3ccc(C(=O)OCCn4c([N+](=O)[O-])cnc4C)cc3)C2)cc1,14930,4.825940192
GSDQZJWVOBCWHP-UHFFFAOYSA-N,OCCn1ccc2ncnc(Nc3ccc(Oc4cccc5[nH]ccc45)c(Cl)c3)c21,2.5,8.602059991
MTHDVQYDQJZAFB-UHFFFAOYSA-N,O=S(=O)(CCNCc1ccc(-c2ccc3ncnc(Nc4ccc(OCc5cccc(F)c5)c(Cl)c4)c3c2)o1)c1ccccc1,30,7.522878745
HSYMTXUHTDJFRK-UHFFFAOYSA-N,CCCCN(Cc1cc(Cl)cc(Cl)c1O)C(=S)Nc1ccccc1,39780,4.400335221
GDOJCYYTUJELBC-MDZDMXLPSA-N,CCCCCOc1ccc(Nc2c(C#N)cnc3cc(OCC)c(NC(=O)/C=C/CN(C)C)cc23)cc1Cl,1477,5.830619505
OSILTYUNNGSKAC-UHFFFAOYSA-N,O=C(Cc1ccc(Cl)cc1)NS(=O)(=O)c1ccc(Cl)cc1,13320,4.875495775
PEOYVSCYYMEJBB-UHFFFAOYSA-N,CCCCC#CC(=O)Nc1cc2c(Nc3ccc(F)c(Cl)c3)ncnc2cn1,5.4,8.26760624
JEQABWAFHZXXLZ-UHFFFAOYSA-N,N#Cc1cccc(Oc2ccc(Nc3ncnc4cc[nH]c34)cc2Cl)c1,8.2,8.086186148
PBQPETHNIUHIBB-UHFFFAOYSA-N,COc1ccc(CC(=O)NS(=O)(=O)c2ccc(F)cc2)cc1,23450,4.629857153
UBLCGEZIPYNWGJ-UHFFFAOYSA-N,COCC(=O)NCC#Cc1ccc2ncnc(Nc3ccc(OC4CCN(C(=O)c5cccc(Cl)c5)CC4)c(C)c3)c2c1,210,6.677780705
DHEZMKZYJNFVFC-UHFFFAOYSA-N,COc1ccc(C2CC(c3ccc(C)c(C)c3)=NN2C(N)=S)cc1,2770,5.557520231
RKEVYIWMMZTIEB-UHFFFAOYSA-N,Cc1ncc([N+](=O)[O-])n1CC(=O)NS(=O)(=O)c1ccc(Cl)cc1,3410,5.467245621
BZFPYVHUYNZICS-UHFFFAOYSA-N,COc1ccc(C2CC(c3ccc(Br)cc3)=NN2C2=NC(=O)CS2)cc1,9270,5.032920266
ZTFBIUXIQYRUNT-MDWZMJQESA-N,FC(F)(F)c1ccc(/C=C/c2nc(COc3ccc(CCCCn4ccnn4)cc3)co2)cc1,350,6.455931956
ZFRQPCBLXWLNAT-UHFFFAOYSA-N,OCCn1ccc2ncnc(Nc3ccc(Oc4cccc5sccc45)c(Cl)c3)c21,6,8.22184875
DVSGFQOBLRVWCK-NTEUORMPSA-N,CCOc1cc2ncc(C#N)c(Nc3cccc(OCc4ccccc4)c3)c2cc1NC(=O)/C=C/CN(C)C,13200,4.879426069
RGUNUECSTMHJBW-UHFFFAOYSA-N,NC(=S)N1N=C(c2ccc(Cl)cc2)CC1c1ccc2ccccc2c1,3870,5.412289035
VJEUAMRGXUPVET-UHFFFAOYSA-N,Cc1ccc(C2CC(c3ccccc3)=NN2C2=NC(=O)CS2)cc1,4640,5.333482019
YNFCRDTVTDENKG-UHFFFAOYSA-N,NC1CCN(Cc2ccn3ncnc(Nc4ccc(OCc5cnccn5)c(Cl)c4)c23)CC1,26,7.585026652
IPBTVEGUKBCCDA-UHFFFAOYSA-N,NC(=S)N1N=C(c2ccccc2)CC1c1cccc2ccccc12,7240,5.140261434
PCAULTNLFAMHON-DHZHZOJOSA-N,CCOc1cc2ncc(C#N)c(Nc3ccc4c(ccn4S(=O)(=O)c4ccccc4)c3)c2cc1NC(=O)/C=C/CN(C)C,25,7.602059991
QAWQPXUVEVTPDR-UHFFFAOYSA-N,CC(C)N(CC#CC(=O)Nc1cc2c(Nc3ccc(F)c(Cl)c3)ncnc2cn1)C(C)C,36,7.443697499
PMNXVLOADVXDDY-UHFFFAOYSA-N,CS(=O)(=O)CCNCc1ccc(-c2ccc3ncnc(Nc4ccc(OCc5ccccc5)cc4)c3c2)o1,26,7.585026652
UGQFOLZMNOEWLQ-UHFFFAOYSA-N,COc1ccc(C2=NN(c3ccccc3)C(c3cccc4ccccc34)C2)cc1,3010,5.521433504
AERGSELXAOHCKG-UHFFFAOYSA-N,CS(=O)(=O)CCNCc1ccc(-c2ccc3ncnc(Nc4ccc(OCc5cccc(C(F)(F)F)c5)cc4)c3c2)o1,360,6.443697499
QZMGOBDHHJBODW-UHFFFAOYSA-N,OCCSCCn1ccc2ncnc(Nc3ccc(Oc4cccc(C(F)(F)F)c4)c(Cl)c3)c21,9.4,8.026872146
AYUJWVQYAUDNQZ-UHFFFAOYSA-N,COC(=O)COCc1ccn2ncnc(Nc3ccc4c(cnn4Cc4cccc(F)c4)c3)c12,280,6.552841969
FQYOEBSXPQCDHZ-UHFFFAOYSA-N,O=C(Cc1cccc(Br)c1)NS(=O)(=O)c1ccc(Cl)cc1,23460,4.629671992
KJDFHCUXSFQUTK-UHFFFAOYSA-N,CS(=O)(=O)CCNC(=O)NCc1cccc(C#Cc2cncnc2Nc2ccc(OCc3cccc(F)c3)c(Cl)c2)n1,9,8.045757491
MHJBSGVISQZKDI-UHFFFAOYSA-N,OCCCCCn1ccc2ncnc(Nc3ccc(Oc4cccc(C(F)(F)F)c4)c(Cl)c3)c21,15,7.823908741
RJQSBCKLTGILQO-UHFFFAOYSA-N,CCOc1ccc(C2=NN(C(C)=O)C(c3ccc(C(=O)OC(C)Cn4c([N+](=O)[O-])cnc4C)cc3)C2)cc1,18120,4.741841807
BOFFROCKPXQEEH-DHZHZOJOSA-N,FC(F)(F)c1ccc(/C=C/c2nc(CNc3ccccc3)co2)cc1,5300,5.27572413
DQZBJDMUMWNFRX-UHFFFAOYSA-N,COc1ccc(CC(=O)NS(=O)(=O)c2ccc(Cl)cc2)cc1,37930,4.421017157
WOAVUZPOSJDYLY-JXMROGBWSA-N,COc1cc2ncc(C#N)c(Nc3ccc4c(cnn4Cc4ccccc4)c3)c2cc1NC(=O)/C=C/CN(C)C,75,7.124938737
QLLLIGGXRUNRDR-UHFFFAOYSA-N,[O-][S+]1CCN(Cc2ccc(-c3ccc4ncnc(Nc5ccc(OCc6ccccc6)c(F)c5)c4c3)o2)CC1,35,7.455931956
RSCOISQCBWSURO-UHFFFAOYSA-N,O=C1CSC(N2N=C(c3ccc(F)cc3)CC2c2ccccc2)=N1,10530,4.977571629
KPSPYNLYPZNCGV-DHZHZOJOSA-N,CCOc1cc2ncnc(Nc3ccc4c(ccn4S(=O)(=O)c4ccccc4)c3)c2cc1NC(=O)/C=C/CN(C)C,38,7.420216403
VWQGZWGCZQZISM-UHFFFAOYSA-N,O=C(CO)NC1CCN(Cc2ccn3ncnc(Nc4ccc5c(cnn5Cc5cccc(F)c5)c4)c23)CC1,120,6.920818754
LZOXKAMRMJSFJT-VMPITWQZSA-N,CCOc1cc2ncnc(Nc3ccc(OCc4cccc(F)c4)c(Cl)c3)c2cc1NC(=O)/C=C/CN1CCN(C)CC1,20,7.698970004
GAYUJMWHGBAPKD-UHFFFAOYSA-N,CCC(=O)Nc1cc2c(Nc3ccc4c(ccn4Cc4ccccc4)c3)ncnc2cc1OC,124,6.906578315
KVQIKILPEUOSQA-GESPGMLMSA-N,Nc1ncnc(Nc2ccc3c(cnn3Cc3cccc(F)c3)c2)c1/C=N/NCC(F)(F)F,20,7.698970004
WUQQSPODIZWQJL-FQEVSTJZSA-N,O=C(NCCn1ccc2ncnc(Nc3ccc(Oc4cccc5sncc45)c(Cl)c3)c21)[C@@H]1CCCN1,0.92,9.036212173
OYSDICXGXOLSBP-RMKNXTFCSA-N,FC(F)(F)c1ccc(/C=C/c2nc(CNc3cccc(Br)c3)co2)cc1,230,6.638272164
XGESIFJYTSFXBI-JXMROGBWSA-N,COc1cc2ncc(C#N)c(Nc3ccc(NCc4ccccc4)c(Cl)c3)c2cc1NC(=O)/C=C/CN(C)C,13000,4.886056648
BAGAPPYMHWWPRR-UHFFFAOYSA-N,O=C(Cc1ccc(F)cc1)NS(=O)(=O)c1ccc(Cl)cc1,7560,5.121478204
TZBDHYWZRVNCMC-UHFFFAOYSA-N,Cc1cc(C)c(O)c(CN(Cc2ccc(F)cc2)C(=S)Nc2ccccc2)c1,37820,4.422278475
MRDZXMOZCRVRBY-UHFFFAOYSA-N,NCCCCOCc1ccn2ncnc(Nc3ccc4c(cnn4Cc4cccc(F)c4)c3)c12,130,6.886056648
IARDESHMMYHYBU-UHFFFAOYSA-N,Nc1ccccc1C#Cc1cncnc1Nc1ccc(OCc2cccc(F)c2)c(Cl)c1,91,7.040958608
YNMWGOALWIQVCJ-KGVSQERTSA-N,FC(F)(F)c1ccc(/C=C/c2nc(Cn3ccc4cc(-c5ccc(Br)cc5)ccc43)co2)cc1,4860,5.313363731
RRVAAWPXOPHXBC-DHZHZOJOSA-N,COc1ccccc1NCc1coc(/C=C/c2ccc(C(F)(F)F)cc2)n1,3070,5.512861625
FXRLTQRMUHOCQN-UHFFFAOYSA-N,Cn1ccc2ncnc(Nc3ccc(Oc4cccc(Cl)c4)c(Cl)c3)c21,3.3,8.48148606
YSTSGFGNZVLCQE-VMLCMGRWSA-N,Cc1cc(Nc2ncnc3cc(O)c(NC(=O)/C=C/[C@H]4CCCN4C)cc23)ccc1Oc1ccc2nccn2c1,6.42,8.192464972
XILHUDGNEDEXFJ-UHFFFAOYSA-N,CCC(=O)Nc1cc2c(Nc3ccc(NS(=O)(=O)c4ccccc4)cc3)ncnc2cc1OC,798,6.097997109
FYJXVEUHAIFPHG-UHFFFAOYSA-N,COc1ccc2ncnc(Nc3ccc(OC4CCN(C(=O)Nc5c(F)cccc5F)CC4)c(C)c3)c2c1,46,7.337242168
SOFMGJHORUKREC-UHFFFAOYSA-N,O=S(=O)(CCCCNCc1ccc(-c2ccc3ncnc(Nc4ccc(OCc5ccccc5)c(Cl)c4)c3c2)o1)c1ccccc1,38,7.420216403
OMZZFURLONVTAA-UHFFFAOYSA-N,COc1cc2ncnc(Nc3ccc(OC4CCN(C(=O)CC(C)(C)C)CC4)c(C)c3)c2cc1OC,100,7
NLZSXRKDMHPVOQ-UHFFFAOYSA-N,CN(C)C1CCN(Cc2ccn3ncnc(Nc4ccc5c(cnn5Cc5cccc(F)c5)c4)c23)CC1,110,6.958607315
YAWRCBHLRDCILP-DHZHZOJOSA-N,CCOc1cc2ncc(C#N)c(Nc3ccc(Sc4nc(-c5ccccc5)cs4)c(Cl)c3)c2cc1NC(=O)/C=C/CN(C)C,13,7.886056648
DZKKEFRZQWTYHR-UHFFFAOYSA-N,C=CC(=O)Nc1cc(-c2c[nH]c3ncnc(Nc4ccc(OCc5ccccn5)c(Cl)c4)c23)ccc1OCCCO,9.3,8.031517051
WDJUUISIVREQHL-UHFFFAOYSA-N,NC1CCN(Cc2ccn3ncnc(Nc4ccc5c(cnn5Cc5cccc(F)c5)c4)c23)CC1,23,7.638272164
CZGCQVKQPNVWSZ-UHFFFAOYSA-N,COc1ccc(C2CC(c3ccccc3)=NN2C2=NC(=O)CS2)cc1,6210,5.2069084
FTYPOENSOIEBPX-UHFFFAOYSA-N,C=CC(=O)Nc1cccc(-c2c[nH]c3ncnc(Nc4ccc5[nH]c(Cc6ccccc6)nc5c4)c23)c1,3.5,8.455931956
JQWZMXNLCJLCOJ-UHFFFAOYSA-N,c1ccc(C2=NN(c3ccccc3)C(c3cccc4ccccc34)C2)cc1,3830,5.416801226
QKKNHIUIKMOSQI-UHFFFAOYSA-N,COCCOc1cc2ncnc(Nc3ccc(OC4CCN(C(=O)Nc5c(F)cccc5F)CC4)c(C)c3)c2cc1OCCOC,230,6.638272164
SLSKTJBHIGULOP-RMKNXTFCSA-N,CCOc1cc2ncnc(Nc3ccc4c(ccn4S(=O)(=O)c4ccccc4)c3)c2cc1NC(=O)/C=C/CN1CCOCC1,100,7
CZGNRKPPNUUZNJ-UHFFFAOYSA-N,O=C1CSC(NN=C2CCCCCC2)=N1,47000,4.327902142
PQMINPFSUDRKEW-JXMROGBWSA-N,CCOc1cc2ncnc(Nc3ccc(NS(=O)(=O)c4ccccc4)cc3)c2cc1NC(=O)/C=C/CN1CCN(C)CC1,290,6.537602002
NLUWZXLRLCWBRQ-UHFFFAOYSA-N,O=C(Cc1ccc(Cl)cc1)NS(=O)(=O)c1ccccc1,13070,4.883724412
LJRGBEPLXWZRBM-VOTSOKGWSA-N,COc1cc2ncnc(Nc3ccc(F)c(Cl)c3)c2cc1NC(=O)/C=C/CN(C(C)C)C(C)C,32,7.494850022
LVXJQMNHJWSHET-AATRIKPKSA-N,COc1cc2ncnc(Nc3ccc(F)c(Cl)c3)c2cc1NC(=O)/C=C/CN1CCCCC1,46,7.337242168
KJZFJLLCNRUWRW-UUILKARUSA-N,O=C1CSC(N/N=C/c2cc(F)ccc2O)=N1,3590,5.444905551
QSDHRATYXWRXIW-UHFFFAOYSA-N,Oc1c(Cl)cc(Cl)cc1CN(Cc1ccc(F)cc1)C(=S)Nc1ccccc1,6490,5.187755303
DXXKYWAAEKIENQ-UHFFFAOYSA-N,Cc1ccc(S(=O)(=O)NC(=O)Cc2cccc(Br)c2)cc1,27890,4.554551486
HMLZGBGVRSDTPO-UHFFFAOYSA-N,CS(=O)(=O)CCNCc1ccc(-c2ccc3ncnc(Nc4ccc(OCc5cccc(Br)c5)cc4)c3c2)o1,100,7
IJCQFRPHONNGRV-UHFFFAOYSA-N,Fc1cccc(COc2ccc(Nc3ncncc3C#Cc3cc[nH]n3)cc2Cl)c1,66,7.180456064
NLIUCSKZGNJKGU-UHFFFAOYSA-N,NC1CCN(Cc2ccn3ncnc(Nc4ccc5c(cnn5Cc5ccccn5)c4)c23)CC1,35,7.455931956
KARCTBDGAQJPSD-MDWZMJQESA-N,Cc1ccccc1-c1ccc2c(ccn2Cc2coc(/C=C/c3ccc(C(F)(F)F)cc3)n2)c1,13340,4.87484417
YBEIPHUFRFGXCJ-SNAWJCMRSA-N,O=C(/C=C/CN1CCCCC1)Nc1cc2c(Nc3ccc(F)c(Cl)c3)ncnc2cn1,14,7.853871964
SCKMFGVJIOSCPI-UHFFFAOYSA-N,O=C1CSC(N2N=C(c3ccc(F)cc3)CC2c2ccc(F)cc2)=N1,18120,4.741841807
VSXDSBHUFXBAHM-OAQYLSRUSA-N,N[C@@H]1CCN(Cc2ccn3ncnc(Nc4ccc5c(cnn5Cc5cccc(F)c5)c4)c23)C1,70,7.15490196
SEBXYMBDVHCYBM-JXMROGBWSA-N,CCOc1cc2ncc(C#N)c(Nc3ccc(OCc4ccnc5ccccc45)c(Cl)c3)c2cc1NC(=O)/C=C/CN(C)C,1184,5.926648298
XGALLCVXEZPNRQ-UHFFFAOYSA-N,COc1cc2ncnc(Nc3ccc(F)c(Cl)c3)c2cc1OCCCN1CCOCC1,261,6.583359493
RHNCTEJANSMRNV-UHFFFAOYSA-N,C#CC(=O)Nc1ccc2ncnc(Nc3cccc(Br)c3)c2c1,1.9,8.721246399
FDLNUHGKXIYPDA-DHZHZOJOSA-N,CCOc1cc2ncc(C#N)c(Nc3ccc(NCc4ccccc4)c(Cl)c3)c2cc1NC(=O)/C=C/CN(C)C,103,6.987162775
QTJJFCPBQRQZAR-UHFFFAOYSA-N,Fc1cccc(COc2ccc(Nc3ncncc3C#Cc3ccccc3)cc2Cl)c1,780,6.107905397
SYYWHQJNQNTVHC-UHFFFAOYSA-N,O=C1CSC(N2N=C(c3ccc(Br)cc3)CC2c2ccc(Br)cc2)=N1,3650,5.437707136
SGYAQGSCPQGXLC-UUOWRZLLSA-N,C[C@@H](c1cccc(F)c1)n1ncc2cc(Nc3ncnn4ccc(COC[C@@H]5CNCCO5)c34)ccc21,510,6.292429824
JCUNURGXJBYRFK-UHFFFAOYSA-N,CCCCN(CC#CC(=O)Nc1ccc2ncnc(Nc3ccc(F)c(Cl)c3)c2c1)CCCC,464,6.333482019
OHTDLFZNDQLWPF-UHFFFAOYSA-N,COCC(=O)NCC#Cc1ccc2ncnc(Nc3ccc(Oc4ccc(C(=O)NCC(C)(C)C)cc4)c(C)c3)c2c1,140,6.853871964
BIMWWQTZLQPHIF-LFYBBSHMSA-N,O=C1CSC(N/N=C/c2cccc(Br)c2)=N1,10260,4.988852639
IZUCNCXKMINXNV-UHFFFAOYSA-N,N#Cc1ccc(Oc2ccc(Nc3ncnc4cc[nH]c34)cc2Cl)cc1,720,6.142667504
FHMSATXRXOSDEN-UHFFFAOYSA-N,COCCOc1ccc2ncnc(Nc3ccc(OC4CCN(C(=O)Nc5c(F)cccc5F)CC4)c(C)c3)c2c1,27,7.568636236
YEPXWQYPHRMSJL-DHZHZOJOSA-N,Cc1ccccc1NCc1coc(/C=C/c2ccc(C(F)(F)F)cc2)n1,440,6.356547324
RKYBUDCAJWXFQO-QFIPXVFZSA-N,COc1cn2ncnc(Nc3ccc4c(cnn4Cc4cccc(F)c4)c3)c2c1COC[C@@H]1CNCCO1,250,6.602059991
UPLFXZLXSLLHMJ-UHFFFAOYSA-N,O=C(Nc1ccccc1)N(Cc1ccc(O)cc1)Cc1cc(Cl)cc(Cl)c1O,2210,5.655607726
XWNXMJQZGQBBQD-JXMROGBWSA-N,CCOc1cc2ncc(C#N)c(Nc3ccc(OCc4ccccc4Cl)c(Cl)c3)c2cc1NC(=O)/C=C/CN(C)C,10,8
RRURVOSFXQLYQR-UHFFFAOYSA-N,CS(=O)(=O)CCNCc1ccc(-c2ccc3ncnc(Nc4ccc(OCc5ccccc5)c(Br)c4)c3c2)o1,25,7.602059991
DELBGJJGZCXRER-UHFFFAOYSA-N,O=C(Cc1ccc(F)cc1)NS(=O)(=O)c1ccccc1,8410,5.075204004
RWQIOAPAHWFTMQ-UHFFFAOYSA-N,Cn1ccc2ncnc(Nc3ccc(Oc4cccc(C(F)(F)F)c4)c(Cl)c3)c21,11,7.958607315
QDRWCBFRDFJYSO-AATRIKPKSA-N,CCOc1cc2ncc(C#N)c(Nc3ccc(Cn4ccnc4)c(Cl)c3)c2cc1NC(=O)/C=C/CN(C)C,1055,5.97674754
ZHZWYRTUDRRTNI-UHFFFAOYSA-N,COCC(=O)NCC#Cc1ccc2ncnc(Nc3ccc(Oc4cccc(C(=O)NC5CCC5)c4)c(C)c3)c2c1,230,6.638272164
LWXXXBLCUHRMAR-UHFFFAOYSA-N,CCC(=O)Nc1cc2c(Nc3ccc(F)c(Cl)c3)ncnc2cc1OC,406,6.391473966
KZVDSZYFRUKCEQ-RMKNXTFCSA-N,CN(C)C/C=C/C(=O)Nc1cc2c(Nc3ccc4c(cnn4Cc4ccccc4)c3)ncnc2cn1,62,7.207608311
VDXVVMLTFUWAMZ-VMPITWQZSA-N,CCOc1cc2ncc(C#N)c(Nc3ccc(OCc4cccs4)c(Cl)c3)c2cc1NC(=O)/C=C/CN(C)C,131,6.882728704
SJISLOFCWOMXJD-UHFFFAOYSA-N,C=CC(=O)Nc1cccc(-c2c(-c3ccc(N4CCN(C)CC4)cc3)[nH]c3ncn(CC)c(=O)c23)c1,84,7.075720714
DRLWGTWSWZETCV-IPPBACCNSA-N,COc1ccc(/N=C/c2c(N)ncnc2Nc2ccc3c(cnn3Cc3cccc(F)c3)c2)cc1,118,6.928117993
HJOLBCDSMBNJFV-XYOKQWHBSA-N,CCOc1cc2ncc(C#N)c(Nc3ccc(OCc4ccccc4)c(Cl)c3)c2cc1NC(=O)/C=C/CN1CCCC1COC,171,6.76700389
SOXYLYNQTNNXEV-UHFFFAOYSA-N,Oc1ccc(CN(Cc2cccc(Br)c2O)C(=S)Nc2ccccc2)cc1,660,6.180456064
VBWQGJTVHGEOPP-UHFFFAOYSA-N,C=CC(=O)Nc1cccc(-c2c[nH]c3ncnc(Nc4ccc(OCN5C(=O)c6ccccc6C5=O)cc4)c23)c1,4.5,8.346787486
URLZPDCQQKRKNR-VZOQVYJPSA-N,CCOc1cc2ncc(C#N)c(Nc3ccc(O[C@H](C)c4ccccc4)c(Cl)c3)c2cc1NC(=O)/C=C/CN(C)C,76,7.119186408
PQZPBNCXXDWVJL-IZZDOVSWSA-N,FC(F)(F)c1ccc(/C=C/c2nc(Cn3ccc4cc(-c5cccc(Br)c5)ccc43)co2)cc1,250,6.602059991
MZVYVYXQVKSACU-AATRIKPKSA-N,CCOc1cc2ncc(C#N)c(Nc3ccc(OCc4cc(F)cc(F)c4)c(Cl)c3)c2cc1NC(=O)/C=C/CN(C)C,388,6.411168274
GCUYIMVZVRRUPD-ONEGZZNKSA-N,CN(C)C/C=C/C(=O)Nc1cc2c(Nc3ccc(F)c(Cl)c3)ncnc2cn1,2,8.698970004
HBNMFZZQCIPDOK-UHFFFAOYSA-N,CS(=O)(=O)CCNCc1ccc(-c2ccc3ncnc(Nc4ccc(OCc5ccccc5)c(C(F)(F)F)c4)c3c2)o1,200,6.698970004
JJHHXMMEZIIKRB-UHFFFAOYSA-N,COCc1ccn2ncnc(Nc3ccc4c(cnn4Cc4cccc(F)c4)c3)c12,420,6.37675071
MLYHNVDOBUQIID-UHFFFAOYSA-N,CNC1CCN(Cc2ccn3ncnc(Nc4ccc5c(cnn5Cc5cccc(F)c5)c4)c23)CC1,54,7.26760624
SZVAKAGCAKQORO-UHFFFAOYSA-N,Cc1ccc(Oc2ccc(Nc3ncnc4cc[nH]c34)cc2C)cn1,60,7.22184875
GTTKYEXGNWQYRL-UHFFFAOYSA-N,CC(=O)N1N=C(c2ccc(Cl)cc2)CC1c1ccc(C(=O)OC(C)Cn2c([N+](=O)[O-])cnc2C)cc1,9960,5.001740662
NCIQGHZNVPEPHS-UHFFFAOYSA-N,Clc1ccc(C2=NN(c3ccccc3)C(c3cccc4ccccc34)C2)cc1,3070,5.512861625
FLFHZVYTVPANLR-UHFFFAOYSA-N,OCCn1ccc2ncnc(Nc3ccc(Oc4cccc(C(F)(F)F)c4)c(Cl)c3)c21,12,7.920818754
QYBXJSPKRPAHQB-UHFFFAOYSA-N,CCC(=O)Nc1cc2c(Nc3ccc(Oc4ccccc4)cc3)ncnc2cc1OC,419,6.377785977
HZSFWOABFOFUGI-UHFFFAOYSA-N,Fc1ccc(C2=NN(c3ccccc3)C(c3ccc4ccccc4c3)C2)cc1,2010,5.696803943
OXAZPVDJCIJPFP-UHFFFAOYSA-N,Clc1cccc(Oc2ccc(Nc3ncnc4cc[nH]c34)cc2Cl)c1,8.3,8.080921908
KNPKMRVTWSOBDS-UHFFFAOYSA-N,CC(=O)N1N=C(c2ccc(F)cc2)CC1c1ccc(C(=O)OCCn2c([N+](=O)[O-])cnc2C)cc1,4070,5.390405591
JHKMFBABCJZIJU-UHFFFAOYSA-N,COc1ccc(C2=NN(C3=NC(=O)CS3)C(c3ccc(C)cc3)C2)cc1,7350,5.133712661
DSSWGWQQJUPPOG-UHFFFAOYSA-N,C=CC(=O)Nc1cccc(-c2c[nH]c3ncnc(Nc4ccc5c(ccn5Cc5ccccc5)c4)c23)c1,7.9,8.102372909
DVUATEKKQZRNJW-RMKNXTFCSA-N,CCOc1cc2ncc(C#N)c(Nc3ccc(OCc4ccccc4)c(Cl)c3)c2cc1NC(=O)/C=C/CN1CCSCC1,29,7.537602002
UASPTJWQFPYJIQ-DHZHZOJOSA-N,CCOc1cc2ncc(C#N)c(Nc3ccc(Oc4ccccc4)c(Cl)c3)c2cc1NC(=O)/C=C/CN(C)C,184,6.735182177
LOFBARGGJCBDJT-UHFFFAOYSA-N,CN(CCn1ccc2ncnc(Nc3ccc(Oc4cccc(C(F)(F)F)c4)c(Cl)c3)c21)C(=O)CO,5.7,8.244125144
PWLHYVUELGJGPD-QPJJXVBHSA-N,O=C(/C=C/CN1CCCC1)Nc1cc2c(Nc3ccc(OCc4cccc(F)c4)c(Cl)c3)ncnc2cn1,53,7.27572413
QCSMBZIRYHZMOU-UHFFFAOYSA-N,CC(=O)Nc1ccc(C#Cc2cncnc2Nc2ccc(OCc3cccc(F)c3)c(Cl)c2)cc1,1820,5.739928612
JDRIEMWAOXMCLE-UHFFFAOYSA-N,CC(C)(C)C(=O)NCCn1ccc2ncnc(Nc3ccc(Oc4cccc5sncc45)c(Cl)c3)c21,6.1,8.214670165
YROLHQZDEFQCCR-UHFFFAOYSA-N,O=S(=O)(CCO)CCn1ccc2ncnc(Nc3ccc(Oc4cccc(C(F)(F)F)c4)c(Cl)c3)c21,12,7.920818754
UXFJZTSGDOCCSL-UHFFFAOYSA-N,Cc1ccn2ncnc(Nc3ccc(OCc4cccc(F)c4)c(Cl)c3)c12,430,6.366531544
OMZCMEYTWSXEPZ-UHFFFAOYSA-N,C=CC(=O)Nc1cc2c(Nc3ccc(F)c(Cl)c3)ncnc2cc1OCCCN1CCOCC1,15.5,7.809668302
FFUCSRRMOMZORD-KPKJPENVSA-N,Fc1ccccc1-c1ccc2c(ccn2Cc2coc(/C=C/c3ccc(C(F)(F)F)cc3)n2)c1,12140,4.915781313
ZVMCAELHFXHTMC-VZUCSPMQSA-N,O=C1CSC(N/N=C/c2ccc(O)cc2)=N1,6930,5.159266765
SDGNMBQUZIXYSU-UHFFFAOYSA-N,O=C1CSC(N2N=C(c3ccccc3)CC2c2ccc(Cl)cc2)=N1,4830,5.316052869
LPFWVDIFUFFKJU-UHFFFAOYSA-N,C=CC(=O)N1CCC(Oc2cc3c(Nc4ccc(Cl)c(Cl)c4F)ncnc3cc2OC)CC1,12,7.920818754
YDUHWIGPWFJEMF-NTEUORMPSA-N,CCOc1cc2ncc(C#N)c(Nc3ccc(OCc4ccccc4)c(Cl)c3)c2cc1NC(=O)/C=C/CN1C(C)CCCC1C,412,6.385102784
BDCAOKLPNVNFEL-UHFFFAOYSA-N,[O-][S+]1CCN(Cc2ccc(-c3ccc4ncnc(Nc5ccc(OCc6ccccc6)c(Cl)c5)c4c3)o2)CC1,23,7.638272164
DMMPWCJPEZQOPE-UHFFFAOYSA-N,CC(=O)N1N=C(c2ccc(I)cc2)CC1c1ccc(C(=O)OCCn2c([N+](=O)[O-])cnc2C)cc1,2750,5.560667306
WFWGCFGIGNLAGO-UHFFFAOYSA-N,FC(F)(F)c1cccc(Oc2ccc(Nc3ncnc4cc[nH]c34)cc2Cl)c1,30,7.522878745
ULMZSUGIZVDJDK-JXMROGBWSA-N,CCOc1cc2ncc(C#N)c(Nc3ccc(OCc4ccc5ccccc5c4)c(Cl)c3)c2cc1NC(=O)/C=C/CN(C)C,18,7.744727495
FIENMRUUADTWJC-NSKAYECMSA-N,CO/N=C/c1c(N)ncnc1Nc1ccc2c(cnn2Cc2cccc(F)c2)c1,12,7.920818754
RZEMPBRXCDBLDH-UHFFFAOYSA-N,CS(=O)(=O)CCNCc1ccc(-c2ccc3ncnc(Nc4ccc(OCc5cccc(F)c5)cc4)c3c2)o1,31,7.508638306
BQKAPRHCWWQTIM-OKFCBPFISA-N,CCOc1cc2ncnc(Nc3ccc(Oc4cc5nncn5cn4)c(C)c3)c2cc1NC(=O)/C(F)=C\[C@@H]1CCCN1C,3.68,8.434152181
BFBSQOKQECCEPF-UHFFFAOYSA-N,Fc1cccc(Cn2ncc3cc(Nc4ncnn5ccc(CNC6CCNCC6)c45)ccc32)c1,76,7.119186408
HBCSFXYVXXYAFA-UHFFFAOYSA-N,CCCCN(Cc1cccc(Cl)c1O)C(=S)Nc1ccccc1,32540,4.487582451
BTYYWOYVBXILOJ-UHFFFAOYSA-N,CC#CC(=O)Nc1ccc2ncnc(Nc3cccc(Br)c3)c2c1,17,7.769551079
LOLCZXRSTYWMQO-UHFFFAOYSA-N,COc1ccc(CC(=O)NS(=O)(=O)c2ccc(Br)cc2)cc1,25030,4.60153915
CJHNARCORXPMOD-DVECYGJZSA-N,C[C@H](c1ccccc1)n1ncc2cc(Nc3ncnn4ccc(COC[C@@H]5CNCCO5)c34)ccc21,130,6.886056648
JUXPIUCKZXFRKA-GQCTYLIASA-N,COc1cc2ncc(C#N)c(Nc3ccc(Sc4ncccn4)c(Cl)c3)c2cc1NC(=O)/C=C/CN(C)C,348,6.458420756
HNYGKXWZBOTZFA-RMKNXTFCSA-N,CN(C)C/C=C/C(=O)Nc1cc2c(Nc3ccc(Oc4ccccc4)cc3)ncnc2cn1,100,7
NPKZOJCZCANPQC-UHFFFAOYSA-N,NC(=S)N1N=C(c2ccc(F)cc2)CC1c1cccc2ccccc12,10630,4.973466735
GOAJIFLFYKGQGD-UHFFFAOYSA-N,C=CC(=O)Nc1cccc(-c2c[nH]c3ncnc(Nc4ccc(OCc5ccccn5)c(Cl)c4)c23)c1,11,7.958607315
AIIKLMJLYXDANE-AWNIVKPZSA-N,Cc1ccc(-c2ccc3c(ccn3Cc3coc(/C=C/c4ccc(C(F)(F)F)cc4)n3)c2)cc1,34720,4.459420283
AYIGALYNJFDMRN-UHFFFAOYSA-N,Clc1ccccc1Oc1ccc(Nc2ncnc3cc[nH]c23)cc1Cl,11,7.958607315
ATULKYAWEUGYSF-UHFFFAOYSA-N,CCC(=O)Nc1cc2c(Nc3ccc4c(cnn4Cc4ccccc4)c3)ncnc2cc1OC,153,6.815308569
HBFLTOMPSWKWMR-RMKNXTFCSA-N,CCOc1cc2ncc(C#N)c(Nc3ccc(OCc4ccccc4)c(Cl)c3)c2cc1NC(=O)/C=C/CN1CCOCCOCCOCC1,603,6.219682688
FSIMWMZEBKRAMX-UHFFFAOYSA-N,CS(=O)(=O)Nc1cccc(C#Cc2cncnc2Nc2ccc(OCc3cccc(F)c3)c(Cl)c2)c1,45,7.346787486
JLBVWHHVKVXOOR-UHFFFAOYSA-N,O=S(=O)(CCOCc1ccc(-c2ccc3ncnc(Nc4ccc(OCc5cccc(F)c5)c(Cl)c4)c3c2)o1)c1ccccc1,28,7.552841969
VHGQJLWYOGRRAE-UHFFFAOYSA-N,O=C(CO)NCCn1ccc2ncnc(Nc3ccc(Oc4cccc(C(F)(F)F)c4)c(Cl)c3)c21,4.3,8.366531544
WVUNYSQLFKLYNI-AATRIKPKSA-N,CCOc1cc2ncc(C#N)c(Nc3ccc(F)c(Cl)c3)c2cc1NC(=O)/C=C/CN(C)C,1230,5.910094889
YMGSXLGOBDZXQH-AATRIKPKSA-N,CCOc1cc2ncc(C#N)c(Nc3ccc(N4CCOCC4)c(Cl)c3)c2cc1NC(=O)/C=C/CN(C)C,2600,5.585026652
JCKROJPFLFDBOF-JXMROGBWSA-N,Cc1cccc(NCc2coc(/C=C/c3ccc(C(F)(F)F)cc3)n2)c1,860,6.065501549
XRZUOLFZBNANGA-RMKNXTFCSA-N,CCOc1cc2ncc(C#N)c(Nc3ccc(OCc4cccc(Cl)c4)c(Cl)c3)c2cc1NC(=O)/C=C/CN(C)C,8,8.096910013
CXWGFZRBLKUTRZ-UHFFFAOYSA-N,Cc1cc(Nc2ncnc3cnc(N4CCOCC4)cc23)ccc1OC1CCN(C(=O)CC(C)(C)C)CC1,23,7.638272164
BIHYRPIDCXHQKD-FMIVXFBMSA-N,CCOc1cc2ncnc(Nc3ccc4c(cnn4Cc4ccccc4)c3)c2cc1NC(=O)/C=C/CN1CCCCC1,19,7.721246399
JSFBWAVHVHBINF-AELAXVIFSA-N,CCOc1cc2ncc(C#N)c(Nc3ccc(O[C@H]4CCc5ccccc54)c(Cl)c3)c2cc1NC(=O)/C=C/CN(C)C,9800,5.008773924
WHAIZABWYXHNPG-DHZHZOJOSA-N,CCOc1cc2ncc(C#N)c(Nc3ccc(OCc4ccccc4)c(Cl)c3)c2cc1NC(=O)/C=C/CN1CCCC1,59,7.229147988
OPNDDDWRINRRDK-UHFFFAOYSA-N,COCC(=O)NCC#Cc1ccc2ncnc(Nc3ccc(Oc4cccc(C(=O)NCC(C)(C)C)c4)c(C)c3)c2c1,130,6.886056648
WTCWMZHEAXFWPJ-UHFFFAOYSA-N,N#Cc1cc2ncnc(Nc3ccc(Oc4cccc(C(F)(F)F)c4)c(Cl)c3)c2n1CCOCCO,19,7.721246399
HHAXMCRVXIYOJR-UHFFFAOYSA-N,Cc1cccc(Oc2ccc(Nc3ncnc4cc[nH]c34)cc2Cl)c1,4.6,8.337242168
SUNYHTNCCXSBQC-UHFFFAOYSA-N,O=C1CSC(N2N=C(c3ccc(Cl)cc3)CC2c2ccc(Cl)cc2)=N1,9960,5.001740662
XFEHHJQRPUGUMO-UHFFFAOYSA-N,NC(=S)N1N=C(c2ccc(F)cc2)CC1c1ccc2ccccc2c1,1750,5.756961951
BCGJQZHTJZOQHC-UHFFFAOYSA-N,O=C1CSC(N2N=C(c3ccc(Cl)cc3)CC2c2ccc(Br)cc2)=N1,3840,5.415668776
YFFJOYPDJLFBBC-KPKJPENVSA-N,FC(F)(F)c1ccc(/C=C/c2nc(Cn3ccc4cc(-c5ccccc5Br)ccc43)co2)cc1,9280,5.032452024
WYWVXEDYXGGHGR-UHFFFAOYSA-N,COCC(=O)NCC#Cc1ccc2ncnc(Nc3ccc(OC4CCN(C(=O)CC(C)(C)C)CC4)c(C)c3)c2c1,94,7.026872146
IOFSQNYFJYCKST-UHFFFAOYSA-N,COc1ccc(C2CC(c3ccc(C)cc3)=NN2C2=NC(=O)CS2)cc1,6230,5.205511953
QIZIADMZXFUUMW-UHFFFAOYSA-N,CC(=O)N1N=C(c2ccc(Br)cc2)CC1c1ccc(C(=O)OC(C)Cn2c([N+](=O)[O-])cnc2C)cc1,8270,5.08249449
QNLDNZHJFQMGHT-UHFFFAOYSA-N,NC(=S)N1N=C(c2ccc(Cl)c(Cl)c2)CC1c1ccc(O)cc1,6580,5.181774106
VZMNZEALGODQPC-JXMROGBWSA-N,COc1cc2ncc(C#N)c(Nc3ccc(OCc4ccccc4)cc3)c2cc1NC(=O)/C=C/CN(C)C,363,6.440093375
IYNUCTYYDUIRAG-UHFFFAOYSA-N,CCC(=O)Nc1cc2c(Nc3ccc4c(ccn4S(=O)(=O)c4ccccc4)c3)ncnc2cc1OC,286,6.543633967
ACNYXAIBELJFSP-JLHYYAGUSA-N,CCOc1cc2ncnc(Nc3ccc4c(cnn4Cc4ccccc4)c3)c2cc1NC(=O)/C=C/CN(C(C)C)C(C)C,30,7.522878745
XJKTUTUQMCPTDY-UHFFFAOYSA-N,NC1CCN(Cc2ccn3ncnc(Nc4ccc(OCc5cccc[n+]5[O-])c(Cl)c4)c23)CC1,18,7.744727495
CZRDEUGQKBEMMH-VQHVLOKHSA-N,CCOc1cc2ncnc(Nc3ccc(OCc4ccccn4)cc3)c2cc1NC(=O)/C=C/CN1CCCC1,278,6.555955204
QVXSGBCTYAQMEU-UHFFFAOYSA-N,O=C1CSC(N2N=C(c3ccccc3)CC2c2ccc(F)cc2)=N1,6350,5.197226275
VEQYCEHJTJSHLO-UHFFFAOYSA-N,O=C(CCO)NCCn1ccc2ncnc(Nc3ccc(Oc4cccc(C(F)(F)F)c4)c(Cl)c3)c21,2.8,8.552841969
BHBAKAMXKOEGOS-NYYWCZLTSA-N,COc1ccc(NCc2coc(/C=C/c3ccc(C(F)(F)F)cc3)n2)cc1,1840,5.735182177
AWTAJVRCTGKUAG-UHFFFAOYSA-N,Cc1ncc([N+](=O)[O-])n1CC(=O)NS(=O)(=O)c1ccc(F)cc1,1530,5.815308569
IGODIYJKZLOCRX-UHFFFAOYSA-N,NCCCOCc1ccn2ncnc(Nc3ccc4c(cnn4Cc4cccc(F)c4)c3)c12,60,7.22184875
FJDMHKWYJAGTLG-UHFFFAOYSA-N,C=CC(=O)Nc1cccc(-c2c(-c3ccc(N4CCN(C)CC4)cc3)[nH]c3ncnc(Nc4ccc(O)cc4)c23)c1,3.9,8.408935393
ATUGWBRHDFGSKE-UHFFFAOYSA-N,Cc1cc(C)c(O)c(CN(Cc2ccc(O)cc2)C(=S)Nc2ccccc2)c1,9470,5.023650021
XCGWRJUUHHWCDA-UHFFFAOYSA-N,O=C(Nc1ccccc1)N(Cc1ccc(F)cc1)Cc1cc(Br)cc(Br)c1O,12420,4.905878404
JFPGALAHAHQULC-UHFFFAOYSA-N,NCCOCc1ccn2ncnc(Nc3ccc4c(cnn4Cc4cccc(F)c4)c3)c12,90,7.045757491
URLZPDCQQKRKNR-ZRFOIIEFSA-N,CCOc1cc2ncc(C#N)c(Nc3ccc(O[C@@H](C)c4ccccc4)c(Cl)c3)c2cc1NC(=O)/C=C/CN(C)C,26000,4.585026652
PXBVPDIMCOILPS-UHFFFAOYSA-N,CN1CCN(CCC#CC(=O)Nc2cc3c(Nc4ccc(F)c(Br)c4)ncnc3cn2)CC1,0.5,9.301029996
LRPCGYUQHZRYLM-ONEGZZNKSA-N,COCC(=O)NC/C=C/c1ccc2ncnc(Nc3ccc(Oc4cc5nncn5cn4)c(C)c3)c2c1,2.55,8.59345982
RDNWDRUSXRDQOG-UHFFFAOYSA-N,NC(=S)N1N=C(c2ccc(Br)cc2)CC1c1cccc2ccccc12,9150,5.038578906
QIHGEXNGPGTFID-UHFFFAOYSA-N,Fc1cccc(Cn2ncc3cc(Nc4ncnn5ccc(COCC6CNCCOC6)c45)ccc32)c1,140,6.853871964
VAEBOYGSUMEZLQ-SNAWJCMRSA-N,COc1cc2ncc(C#N)c(Nc3ccc(Sc4nccs4)c(Cl)c3)c2cc1NC(=O)/C=C/CN(C)C,83,7.080921908
FQGVUAQWOXXERW-UHFFFAOYSA-N,CCN(CC)CC#CC(=O)Nc1ccc2ncnc(Nc3ccc(F)c(Cl)c3)c2c1,46,7.337242168
BQKAPRHCWWQTIM-PDEZOQIOSA-N,CCOc1cc2ncnc(Nc3ccc(Oc4cc5nncn5cn4)c(C)c3)c2cc1NC(=O)/C(F)=C\[C@H]1CCCN1C,7.3,8.13667714
UBFCLBFICUWUFP-UHFFFAOYSA-N,C=CC(=O)Nc1cccc(-c2c(-c3ccc(N4CCN(C)CC4)cc3)[nH]c3ncn(CC(C)C)c(=O)c23)c1,321,6.493494968
FGRLMKPQWLULDU-UHFFFAOYSA-N,COCCOc1cc2ncnc(Nc3ccc(OC4CCN(C(=O)C5CCCC5)CC4)c(C)c3)c2cc1OCCOC,77,7.113509275
ZJLGUUXMOOWUTC-HSTAZWAASA-N,Cc1cc(Nc2ncnc3cc(O)c(NC(=O)/C=C/[C@H]4CCCN4C)cc23)ccc1Oc1ccn2ccnc2c1,1.7,8.769551079
VYIOEWGYVSVAKJ-UHFFFAOYSA-N,COc1ccc(C2=NN(C3=NC(=O)CS3)C(c3ccc(Br)cc3)C2)cc1,2750,5.560667306
BQZMCLZHBMFQQD-AATRIKPKSA-N,COc1cc2ncc(C#N)c(Nc3ccc(Sc4nccn4C)c(Cl)c3)c2cc1NC(=O)/C=C/CN(C)C,155,6.809668302
AILSWWUTQDGMFN-JXMROGBWSA-N,COc1cc2ncc(C#N)c(Nc3ccc(OCc4ccccc4)c(Cl)c3)c2cc1NC(=O)/C=C/CN(C)C,39,7.408935393
GHQPLJWMCNPRIH-UHFFFAOYSA-N,CCCCN(CC#CC(=O)Nc1cc2c(Nc3ccc(F)c(Cl)c3)ncnc2cn1)CCCC,67,7.173925197
BCFGMOOMADDAQU-UHFFFAOYSA-N,CS(=O)(=O)CCNCc1ccc(-c2ccc3ncnc(Nc4ccc(OCc5cccc(F)c5)c(Cl)c4)c3c2)o1,183.9333333,6.735339559
UVYZONNTWFHSPK-KPKJPENVSA-N,Cc1cccc(-c2ccc3c(ccn3Cc3coc(/C=C/c4ccc(C(F)(F)F)cc4)n3)c2)c1,820,6.086186148
PYKAVGMHBXWHKV-UHFFFAOYSA-N,CC(=O)N1N=C(c2ccccc2)CC1c1ccc(C(=O)OC(C)Cn2c([N+](=O)[O-])cnc2C)cc1,17000,4.769551079
HOMOYDOJHAMLLJ-UHFFFAOYSA-N,Cc1cccc(CN(Cc2ccc(F)cc2)C(=O)Nc2ccccc2)c1O,38230,4.417595702
IWKYADYEFPLAEG-UHFFFAOYSA-N,CC(=O)NCc1cccc(C#Cc2cncnc2Nc2ccc(OCc3cccc(F)c3)c(Cl)c2)c1,52,7.283996656
BIMWWEYHEVYXDA-UHFFFAOYSA-N,CNC(=O)NCc1cccc(C#Cc2cncnc2Nc2ccc(OCc3cccc(F)c3)c(Cl)c2)n1,69,7.161150909
NZSOECPTESNCTF-UHFFFAOYSA-N,Cc1cc(Nc2ncnc3cnc(N(C)C)cc23)ccc1Oc1ccc(C(=O)NCC(C)(C)C)cc1,48,7.318758763
LXVWRCNPCFIKGD-UHFFFAOYSA-N,O=C1NCc2c(Oc3ccc(Nc4ncnc5ccn(CCO)c45)cc3Cl)cccc21,150,6.823908741
KIMIFWRATWXZEO-RMKNXTFCSA-N,O=C(/C=C/CN1CCCC1)Nc1cc2c(Nc3ccc4c(cnn4Cc4ccccc4)c3)ncnc2cn1,62,7.207608311
SVRFIUCPQRDGOA-UHFFFAOYSA-N,CC(C)(C(=O)NCCn1ccc2ncnc(Nc3ccc(Oc4cccc5sncc45)c(Cl)c3)c21)S(C)(=O)=O,2,8.698970004
SNPHORMIAYSVQZ-UHFFFAOYSA-N,C=CC(=O)Nc1cccc(-c2c(-c3ccc(N4CCN(C)CC4)cc3)[nH]c3ncnc(OC(C)C)c23)c1,21,7.677780705
ZYVUNNQGVXTJSW-UHFFFAOYSA-N,OCCOCCn1ccc2ncnc(Nc3ccc(Oc4cccc(OC(F)(F)F)c4)c(Cl)c3)c21,8.4,8.075720714
LCDBKVBITYDADF-DHZHZOJOSA-N,CCOc1cc2ncc(C#N)c(Nc3ccc(OCc4ccccc4)cc3)c2cc1NC(=O)/C=C/CN(C)C,498,6.302770657
IITZAVGTWUTYHX-DHZHZOJOSA-N,CCOc1cc2ncc(C#N)c(Nc3ccc(OCC4CCCCC4)c(Cl)c3)c2cc1NC(=O)/C=C/CN(C)C,28,7.552841969
GPDZPPBNVFQOCS-UHFFFAOYSA-N,COc1cc2ncnc(Nc3ccc(Oc4ccc(C(=O)NCC(C)(C)C)cc4)c(C)c3)c2cc1OC,77,7.113509275
XLFDKKYOEFVYCT-UHFFFAOYSA-N,Cc1cc(Nc2ncnc3cnc(N4CCOCC4)cc23)ccc1OC1CCN(C(=O)Nc2c(F)cccc2F)CC1,7,8.15490196
QSGIGRAFESHIBA-NSCUHMNNSA-N,CN1CCN(C/C=C/C(=O)Nc2cc3c(Nc4ccc(F)c(Cl)c4)ncnc3cn2)CC1,89,7.050609993
UEJUKJJOSDYORR-QHCPKHFHSA-N,Fc1cccc(Cn2ncc3cc(Nc4ncnn5ccc(COC[C@@H]6CNCCO6)c45)ccc32)c1,55,7.259637311
DIYFLUKUTVHJCO-UHFFFAOYSA-N,CCC(=O)Nc1cc2c(Nc3ccc(NS(=O)(=O)c4ccccc4)nc3)ncnc2cc1OC,958,6.018634491
QHAHIGAQWUSAND-FJEPWZHXSA-N,Nc1ncnc(Nc2ccc3c(cnn3Cc3cccc(F)c3)c2)c1/C=N/N1CCN(CCO)CC1,8,8.096910013
AAGKMGNYUYCEPD-UHFFFAOYSA-N,CC(=O)NCCn1ccc2ncnc(Nc3ccc(Oc4cccc5sncc45)c(Cl)c3)c21,1.6,8.795880017
YJDWLSMDQCVYOQ-JLHYYAGUSA-N,CCOc1cc2ncc(C#N)c(Nc3ccc(OCc4ccccc4)c(Cl)c3)c2cc1NC(=O)/C=C/CN(C(C)C)C(C)C,28,7.552841969
XPUIECRALWERTL-UHFFFAOYSA-N,OCCOCCn1ccc2ncnc(Nc3cnc(Oc4cccc(C(F)(F)F)c4)c(Cl)c3)c21,11,7.958607315
CBYKZDODYSIEFB-UUILKARUSA-N,O=C1CSC(N/N=C/c2cc(Cl)ccc2O)=N1,1780,5.749579998
IMDOIOFYKKBZEN-MDWZMJQESA-N,CCOc1cc2ncc(C#N)c(Nc3ccc(NCc4cccc5ccccc45)c(Cl)c3)c2cc1NC(=O)/C=C/CN(C)C,83,7.080921908
AXXNPLIUJGQSAQ-NRFANRHFSA-N,Fc1cccc(COc2ccc(Nc3ncnn4ccc(COC[C@@H]5CNCCO5)c34)cc2Cl)c1,560,6.251811973
VKGFFGKYZCWSQV-UHFFFAOYSA-N,Oc1c(Br)cc(Br)cc1CN(Cc1ccc(F)cc1)C(=S)Nc1ccccc1,6730,5.171984936
RKUBYGFDHATQAZ-UHFFFAOYSA-N,N#Cc1ccccc1Oc1ccc(Nc2ncnc3cc[nH]c23)cc1Cl,8,8.096910013
SMSOSQRBSNFBDH-UHFFFAOYSA-N,COC(=O)CCCC(=O)Nc1cccc(C#Cc2cncnc2Nc2ccc(OCc3cccc(F)c3)c(Cl)c2)c1,29,7.537602002
PGLLJXXZDBFPCN-UHFFFAOYSA-N,Oc1c(Br)cccc1CN(Cc1ccc(F)cc1)C(=S)Nc1ccccc1,1870,5.728158393
CQJUFAUBDFYNPH-AATRIKPKSA-N,CCOc1cc2ncc(C#N)c(Nc3ccc(OCc4ccc(F)cc4)c(Cl)c3)c2cc1NC(=O)/C=C/CN(C)C,78,7.107905397
OCPAAPUDKSPSJT-DHZHZOJOSA-N,CCOc1cc2ncnc(Nc3ccc(NS(=O)(=O)c4ccccc4)cc3)c2cc1NC(=O)/C=C/CN1CCCC1,45,7.346787486
XRWHSRBIHREGDO-UHFFFAOYSA-N,COc1ccc(C2=NN(C(C)=O)C(c3ccc(C(=O)OC(C)Cn4c([N+](=O)[O-])cnc4C)cc3)C2)cc1,12050,4.919012953
OMVRJIWYIOEXTO-JXMROGBWSA-N,COCCOc1cc2ncnc(Nc3ccc4c(cnn4Cc4ccccc4)c3)c2cc1NC(=O)/C=C/CN1CCCC1,5,8.301029996
JSFBWAVHVHBINF-BKUMGXLKSA-N,CCOc1cc2ncc(C#N)c(Nc3ccc(O[C@@H]4CCc5ccccc54)c(Cl)c3)c2cc1NC(=O)/C=C/CN(C)C,2100,5.677780705
AIKCGGJZJKSMHT-UHFFFAOYSA-N,COCC(=O)NCC#Cc1ccc2ncnc(Nc3ccc(Oc4cccc(C(=O)Nc5ccccc5)c4)c(C)c3)c2c1,140,6.853871964
NAHPEMQMXDXGBZ-UHFFFAOYSA-N,CS(=O)(=O)CCNCc1ccc(-c2ccc3ncnc(Nc4ccc(OCc5cccc(F)c5)c(C(F)(F)F)c4)c3c2)o1,220,6.657577319
QFMCOTDYFYKZNH-UHFFFAOYSA-N,Cn1ccc2ncnc(Nc3ccc(Oc4cccc(OC(F)(F)F)c4)c(Cl)c3)c21,17,7.769551079
LEJHECNHNIKBPL-UHFFFAOYSA-N,O=C(Nc1ccccc1)N(Cc1ccc(F)cc1)Cc1cccc(Cl)c1O,3450,5.462180905
GZIRRVFQWRHYHQ-UHFFFAOYSA-N,CCC(=O)Nc1cc2c(Nc3ccc(F)c(Cl)c3)ncnc2cc1OCCCN1CCOCC1,509,6.293282218
ZXNLHZGFHDHRCO-UHFFFAOYSA-N,Clc1cc(Nc2ncnc3cc[nH]c23)ccc1Oc1ccccc1,16,7.795880017
ULXXDDBFHOBEHA-CWDCEQMOSA-N,CN(C)C/C=C/C(=O)Nc1cc2c(Nc3ccc(F)c(Cl)c3)ncnc2cc1O[C@H]1CCOC1,7.7,8.113509275
ZMUYXYMWLSIFRR-UHFFFAOYSA-N,Fc1cccc(Cn2ncc3cc(Nc4ncnn5ccc(CN6CCCNCC6)c45)ccc32)c1,27,7.568636236
VHVSXASVBMWAMX-UHFFFAOYSA-N,COc1ccc2ncnc(Nc3ccc(OC4CCN(C(=O)CC(C)(C)C)CC4)c(C)c3)c2c1,96,7.017728767
JWNPDZNEKVCWMY-VQHVLOKHSA-N,CCOc1cc2ncc(C#N)c(Nc3ccc(OCc4ccccn4)c(Cl)c3)c2cc1NC(=O)/C=C/CN(C)C,24.75666667,7.606307831
XWHJPZMQYNMSOJ-UHFFFAOYSA-N,Fc1ccccc1Oc1ccc(Nc2ncnc3cc[nH]c23)cc1Cl,9.3,8.031517051
XQMZYPWMBLSXOO-JXMROGBWSA-N,CCOc1cc2ncc(C#N)c(Nc3ccc(OCc4ccccc4)c(Cl)c3)c2cc1NC(=O)/C=C/CN(C)CCO,27,7.568636236
HQCWJTWXBIUKSY-UHFFFAOYSA-N,Cc1cc(Nc2ncnc3cnc(NCCN4CCOCC4)cc23)ccc1Oc1ccc(C(=O)NCC(C)(C)C)cc1,280,6.552841969
UEJUKJJOSDYORR-HSZRJFAPSA-N,Fc1cccc(Cn2ncc3cc(Nc4ncnn5ccc(COC[C@H]6CNCCO6)c45)ccc32)c1,60,7.22184875
VLYYUZFBTALINK-QHCPKHFHSA-N,Fc1cccc(Cn2ncc3cc(Nc4ncnn5ccc(COC[C@@H]6COCCN6)c45)ccc32)c1,590,6.229147988
BMTLFVUIPBHECG-FMIVXFBMSA-N,CCOc1cc2ncc(C#N)c(Nc3ccc(N(C)Cc4ccccc4)c(Cl)c3)c2cc1NC(=O)/C=C/CN(C)C,2100,5.677780705
UCDGCUOHOAAMOX-JXMROGBWSA-N,CCOc1cc2ncc(C#N)c(Nc3ccc(OCc4ccccc4)c(Cl)c3)c2cc1NC(=O)/C=C/CN1CC1C(=O)OC,196,6.707743929
XPIMFGVJMFQULC-UHFFFAOYSA-N,O=C(Cc1ccc(Br)cc1)NS(=O)(=O)c1ccc(Br)cc1,19830,4.702677286
KIUAMDPDOOLKMH-UHFFFAOYSA-N,C#Cc1cncnc1Nc1ccc(OCc2cccc(F)c2)c(Cl)c1,3800,5.420216403
AQEJOYTVPDGMEW-RRSRKQOQSA-N,CCOc1cc2ncnc(Nc3ccc4c(cnn4Cc4ccccc4)c3)c2cc1NC(=O)/C=C/CN1C[C@@H](C)N[C@@H](C)C1,19,7.721246399
MYVUJYZUPJWAOE-UHFFFAOYSA-N,OCc1ccn2ncnc(Nc3ccc4c(cnn4Cc4cccc(F)c4)c3)c12,110,6.958607315
SSNRTALFAXFKNE-UHFFFAOYSA-N,Fc1cccc(COc2ccc(Nc3ccncn3)cc2Cl)c1,21000,4.677780705
GOGJVDDXUNCEQZ-XCVCLJGOSA-N,FC(F)(F)c1ccc(/C=C/c2nc(CNc3ccc(Cl)cc3)co2)cc1,1290,5.88941029
LGZNBXZSMPAJEZ-UHFFFAOYSA-N,COCCOc1ccc2ncnc(Nc3ccc(OC4CCN(C(=O)C5CCCC5)CC4)c(C)c3)c2c1,44,7.356547324
HRJCFUJRPZRZAO-UHFFFAOYSA-N,Fc1cccc(COc2ccc(Nc3ncnn4ccc(CN5CCCNCC5)c34)cc2Cl)c1,41,7.387216143
QDGDKZPMYPEBOC-RMKNXTFCSA-N,CCOc1cc2ncc(C#N)c(Nc3ccc(OCc4ccccc4)c(Cl)c3)c2cc1NC(=O)/C=C/CN1CCOCC1,59,7.229147988
RBVREWVCSCUBOY-UHFFFAOYSA-N,OCCn1ccc2ncnc(Nc3ccc(Oc4cccc5[nH]ncc45)c(Cl)c3)c21,1.7,8.769551079
UVEBHXRRTIKHPI-UHFFFAOYSA-N,CCC(=O)Nc1cc2c(Nc3ccc4[nH]ccc4c3)ncnc2cc1OC,800,6.096910013
OIOZIHCKXDQTLW-XCVCLJGOSA-N,FC(F)(F)c1ccc(/C=C/c2nc(CNc3ccc(Br)cc3)co2)cc1,30,7.522878745
MSNUOLHOXQPCSP-RMKNXTFCSA-N,CCOc1cc2ncc(C#N)c(Nc3cc(Cl)c(OCc4cccc(F)c4)c(Cl)c3)c2cc1NC(=O)/C=C/CN(C)C,1331,5.875821945
FHOMWNVSSMYQJF-SNAWJCMRSA-N,Cc1cc(Nc2ncnc3ccc(NC(=O)/C=C/CN(C)C)cc23)ccc1Oc1cc2nncn2cn1,2.85,8.54515514
DBBVLPYZSAWTHY-UHFFFAOYSA-N,NC1CCN(Cc2ccn3ncnc(Nc4ccc5c(cnn5Cc5ccncc5)c4)c23)CC1,190,6.721246399
PQQWXVQKTIBKQQ-UHFFFAOYSA-N,COc1ccc(CC(=O)NS(=O)(=O)c2ccccc2)cc1,29070,4.536554968
CMMUJJHJYMYOJR-UHFFFAOYSA-N,OCCOCCn1ccc2ncnc(Nc3ccc(Oc4cccc(C(F)(F)F)c4)c(Cl)c3)c21,5.1,8.292429824
SRIYNYFAYVOGRJ-UHFFFAOYSA-N,NC1CCN(Cc2ccn3ncnc(Nc4ccc5c(cnn5Cc5cccnc5)c4)c23)CC1,34,7.468521083
NUJUYKXECYPXAW-UHFFFAOYSA-N,Cc1cncc(COc2ccc(Nc3ncnn4ccc(CN5CCC(N)CC5)c34)cc2Cl)c1,60,7.22184875
IVWHTIHFZVYEIN-UHFFFAOYSA-N,C=CC(=O)Nc1cc(-c2c[nH]c3ncnc(Nc4ccc(CN5C(=O)c6ccccc6C5=O)cc4)c23)ccc1OCCN(C)C,23,7.638272164
TVMGXFANDKLGPL-UHFFFAOYSA-N,Fc1cccc(Cn2ncc3cc(Nc4ncnn5ccc(COCC6CCNCC6)c45)ccc32)c1,120,6.920818754
DXPKZKIRPDLRJZ-RMKNXTFCSA-N,CCOc1cc2ncc(C#N)c(Nc3ccc(OCc4cccc(C#N)c4)c(Cl)c3)c2cc1NC(=O)/C=C/CN(C)C,161,6.793174124
ZVCRDGKVDBJYMB-UHFFFAOYSA-N,C=CC(=O)Nc1cc(-c2c[nH]c3ncnc(Nc4ccc5c(cnn5Cc5ccccc5)c4)c23)ccc1OCCO,14,7.853871964
APCFVCIEZAMJBU-FQEVSTJZSA-N,Fc1cccc(Cn2ncc3cc(Nc4ncnn5ccc(COC[C@H]6CCCNC6)c45)ccc32)c1,170,6.769551079
BXBBCTASDUZGMZ-JXMROGBWSA-N,COc1cc2ncc(C#N)c(Nc3ccc(Sc4ncc(-c5ccccc5)s4)c(Cl)c3)c2cc1NC(=O)/C=C/CN(C)C,1007,5.996970529
DLPSDPPZXRJQOY-UHFFFAOYSA-N,CC#CC(=O)Nc1cc2c(Nc3ccc(F)c(Cl)c3)ncnc2cn1,1.1,8.958607315
LCGCEYCAQPJEBN-UHFFFAOYSA-N,Cc1cccc(CN(Cc2ccc(O)cc2)C(=S)Nc2ccccc2)c1O,7130,5.14691047
RSIUAJHRAOKMFS-UHFFFAOYSA-N,COCCOCc1ccn2ncnc(Nc3ccc4c(cnn4Cc4cccc(F)c4)c3)c12,420,6.37675071
DGHCJBIQTOAXJQ-VZUCSPMQSA-N,O=C1CSC(N/N=C/c2cccc(O)c2)=N1,27830,4.555486794